track_number,title,artists,genre,filename,mp3_name,filepath,audio_path,energy,labeled_bpm,labeled_bpm_missing,tempo_embedding_bpm,tempo_embedding_confidence,key,bpm,onset-time,key shift,tempo_embedding_confidence_active_agreement,tempo_embedding_mean_active_probability,tempo_embedding_active_fraction,tempo_embedding_active_windows,tempo_embedding_total_windows,source_duration_sec,peak30_start_sec,peak30_end_sec,peak30_window_rms_db,full_analysis_duration_sec,full_spectral_centroid_hz,full_spectral_spread_hz,full_spectral_tilt_db_per_oct,full_spectral_rolloff_05_hz,full_spectral_rolloff_85_hz,full_dynamic_range_db,full_rms_mean_db,full_rms_median_db,full_rms_std_db,full_rms_iqr_db,full_rms_range_db,full_rms_var,full_top_quartile_rms,full_top_quartile_rms_db,full_crest_factor_db,full_onset_density,full_onset_magnitude,full_integrated_loudness_lufs,full_short_term_loudness_mean_lufs,full_short_term_loudness_std_lu,full_short_term_loudness_range_lu,full_sub_band_energy_ratio,full_band_flux_sub,full_bass_band_energy_ratio,full_band_flux_bass,full_low_mid_band_energy_ratio,full_band_flux_low_mid,full_mid_band_energy_ratio,full_band_flux_mid,full_high_band_energy_ratio,full_band_flux_high,full_low_band_energy_ratio,full_beat_count,full_beat_rms_mean_db,full_beat_rms_std_db,full_downbeat_offbeat_energy_ratio,full_downbeat_phase_index,full_four_bar_phrase_energy_variance,peak30_analysis_duration_sec,peak30_spectral_centroid_hz,peak30_spectral_spread_hz,peak30_spectral_tilt_db_per_oct,peak30_spectral_rolloff_05_hz,peak30_spectral_rolloff_85_hz,peak30_dynamic_range_db,peak30_rms_mean_db,peak30_rms_median_db,peak30_rms_std_db,peak30_rms_iqr_db,peak30_rms_range_db,peak30_rms_var,peak30_top_quartile_rms,peak30_top_quartile_rms_db,peak30_crest_factor_db,peak30_onset_density,peak30_onset_magnitude,peak30_integrated_loudness_lufs,peak30_short_term_loudness_mean_lufs,peak30_short_term_loudness_std_lu,peak30_short_term_loudness_range_lu,peak30_sub_band_energy_ratio,peak30_band_flux_sub,peak30_bass_band_energy_ratio,peak30_band_flux_bass,peak30_low_mid_band_energy_ratio,peak30_band_flux_low_mid,peak30_mid_band_energy_ratio,peak30_band_flux_mid,peak30_high_band_energy_ratio,peak30_band_flux_high,peak30_low_band_energy_ratio,peak30_beat_count,peak30_beat_rms_mean_db,peak30_beat_rms_std_db,peak30_downbeat_offbeat_energy_ratio,peak30_downbeat_phase_index,peak30_four_bar_phrase_energy_variance
1,Used To Love,Martin Garrix/Dean Lewis,,Martin Garrix; Dean Lewis - Used To Love.mp3,Martin Garrix; Dean Lewis - Used To Love.mp3,Martin Garrix; Dean Lewis - Used To Love.mp3,music/warren/Martin Garrix; Dean Lewis - Used To Love.mp3,,,True,119,0.88563263,,119,,,1,0.61877555,0.78947371,30,38,236.82032,42,72,-9.2656711,236.82032,2475.5184,2618.7749,-5.743333,108.49937,5449.3845,10.179475,-12.348241,-10.968935,5.9198804,4.3228407,121.05567,35.044984,0.39148777,-8.1456361,11.78986,3.8003496,3.7433698,-11.384759,-11.966155,2.365382,13.558572,0.13558325,6.6502432,0.15938045,10.095131,0.20527022,10.964088,0.4257272,10.971657,0.063212968,5.7818715,0.29496371,467,-11.667183,5.9623655,1.078962,1,0.0054958481,30,2485.5898,2610.1596,-5.5293863,71.457901,5518.6333,4.8533463,-9.5673877,-9.2066154,1.7155152,1.8542919,9.1549416,2.9429923,0.4093641,-7.7578049,10.185376,3.9333333,3.1088253,-9.841796,-9.9409167,0.90198875,3.5193181,0.14223025,5.664274,0.14385818,12.084542,0.11303691,6.17079,0.51504557,13.200827,0.075148104,7.1892403,0.28608843,60,-8.516419,1.8520475,1.1168669,2,0.0020621882
2,Ocean (Don Diablo Remix),Martin Garrix/Don Diablo/Khalid,,Martin Garrix; Don Diablo; Khalid - Ocean (Don Diablo Remix).mp3,Martin Garrix; Don Diablo; Khalid - Ocean (Don Diablo Remix).mp3,Martin Garrix; Don Diablo; Khalid - Ocean (Don Diablo Remix).mp3,music/warren/Martin Garrix; Don Diablo; Khalid - Ocean (Don Diablo Remix).mp3,,,True,123,0.94891495,,123,,,1,0.8297165,0.78125,25,32,202.92683,144,174,-7.2652863,202.92685,2223.2378,2471.8609,-6.4581834,108.93546,4917.4888,14.220106,-12.87805,-9.9135647,11.436379,4.6438465,79.397659,130.79076,0.49908053,-6.0365875,9.8554862,3.1932689,6.5594275,-10.260123,-12.457228,7.991946,54.188293,0.19712015,13.139609,0.33602359,22.018894,0.14923517,8.9250403,0.269808,12.587919,0.043157035,7.8789205,0.53314374,415,-12.74206,10.830643,1.0506004,3,0.0051926194,30,2277.6457,2519.4637,-6.1851589,70.237075,5085.1526,8.3713827,-8.2935946,-8.0576468,3.6759268,2.8632202,40.969734,13.512438,0.5952666,-4.5057697,7.7193771,6.2666667,7.2213313,-9.0384817,-9.0053479,0.51660918,2.4477869,0.26783756,23.707736,0.4139485,42.569266,0.10029402,11.500117,0.16818079,17.410925,0.045188389,13.236685,0.68178606,62,-8.9251514,2.3731606,1.0650135,2,5.8922347e-05
3,Empty,Martin Garrix/DubVision/Jaimes,,Martin Garrix; DubVision; Jaimes - Empty.mp3,Martin Garrix; DubVision; Jaimes - Empty.mp3,Martin Garrix; DubVision; Jaimes - Empty.mp3,music/warren/Martin Garrix; DubVision; Jaimes - Empty.mp3,,,True,127,0.89916354,,127,,,0.99494392,0.67567599,0.78125,25,32,198.42519,160,190,-7.4825482,198.42522,3040.8013,2939.1937,-4.9769102,94.988235,6760.4242,8.635272,-12.099457,-10.170242,10.492126,3.9393196,143.21101,110.08471,0.44494266,-7.033919,11.375219,4.0972615,3.040461,-10.478446,-12.082919,6.7216322,56.358913,0.30586061,15.042518,0.24855907,13.842326,0.11161446,10.745894,0.23539766,7.7778267,0.085472242,5.3568814,0.55441967,420,-10.912529,8.8923193,1.0369498,1,0.0098845812,30,3384.5318,3073.179,-4.4928785,78.795357,7440.1258,3.6259112,-7.6915747,-7.5851889,1.4290987,1.6911516,10.090504,2.042323,0.49304382,-6.1422896,9.255051,6.4333333,2.2798472,-8.5749205,-8.5692081,0.19921708,0.79495749,0.38501681,26.716654,0.20056196,27.064743,0.089411567,17.055009,0.20738214,8.3277515,0.10212222,6.6852026,0.58557877,64,-6.3215668,1.5429663,1.0143741,0,0.00027704137
4,Latency,Martin Garrix/Dyro,,Martin Garrix; Dyro - Latency.mp3,Martin Garrix; Dyro - Latency.mp3,Martin Garrix; Dyro - Latency.mp3,music/warren/Martin Garrix; Dyro - Latency.mp3,,,True,128,0.97033894,,128,,,1,0.90112972,0.78787881,26,33,204.42848,62,92,-5.7756772,204.42848,2937.7233,2666.5146,-5.0505828,73.416484,6133.3214,9.0482407,-7.9869541,-6.4974728,4.7807695,2.4179139,119.06548,22.855757,0.56064767,-5.0261996,9.6390982,2.7686944,4.628891,-8.0780329,-8.8559176,3.2008314,22.138768,0.43044775,24.022998,0.15582316,23.025411,0.092394936,15.216618,0.20395717,14.965345,0.10498763,9.2705926,0.5862709,438,-7.6815126,5.0026942,1.0172567,2,0.0079135209,30,3001.2361,2839.1663,-4.6650782,53.837174,6440.9361,3.1997092,-5.9484199,-6.1742616,1.2558306,0.79853821,14.035168,1.5771106,0.60560319,-4.3562369,7.2981313,5.5333333,3.3644914,-7.6476204,-7.6508805,0.34582701,1.2945024,0.51219767,35.640472,0.18286267,34.561893,0.070773449,21.107269,0.15118765,16.30976,0.074078592,12.673591,0.69506034,65,-6.4186407,1.0998528,1.0334182,2,0.0003297856
5,Love Runs Out,Martin Garrix/G-Eazy/Sasha Alex Sloan,,Martin Garrix; G-Eazy; Sasha Alex Sloan - Love Runs Out.mp3,Martin Garrix; G-Eazy; Sasha Alex Sloan - Love Runs Out.mp3,Martin Garrix; G-Eazy; Sasha Alex Sloan - Love Runs Out.mp3,music/warren/Martin Garrix; G-Eazy; Sasha Alex Sloan - Love Runs Out.mp3,,,True,90,0.91617268,,90,,,0.98743969,0.74988306,0.76923078,20,26,164.16667,66,96,-9.3946305,164.16667,2506.7746,2845.8419,-5.892292,111.07369,5831.0245,14.173943,-14.327826,-13.049254,9.7298881,6.7736187,94.666298,94.670723,0.41457372,-7.6479646,12.077783,3.5208122,4.2040829,-12.95683,-13.797888,2.7481825,14.202396,0.38082467,13.796337,0.17653329,11.909873,0.11140279,9.9939115,0.29941933,10.728405,0.026089257,4.3902689,0.55735796,245,-12.206475,7.2038247,1.2683852,2,0.010253175,30,2537.9478,2884.9243,-5.5090521,67.974589,6005.622,9.3375149,-10.411695,-10.053255,3.1635862,3.7102299,20.324284,10.008278,0.46664049,-6.6203516,10.210757,5.2333333,3.9461037,-11.396527,-11.492442,1.0984495,4.6433228,0.39155885,23.987919,0.23147735,19.154989,0.10189321,14.495035,0.24240295,11.167437,0.027249946,6.207376,0.6230362,46,-8.4212931,2.8481167,1.1932894,1,0.00016530871
6,Wizard (Original Mix),Martin Garrix/Jay Hardway,,Martin Garrix; Jay Hardway - Wizard (Original Mix).mp3,Martin Garrix; Jay Hardway - Wizard (Original Mix).mp3,Martin Garrix; Jay Hardway - Wizard (Original Mix).mp3,music/warren/Martin Garrix; Jay Hardway - Wizard (Original Mix).mp3,,,True,128,0.94193095,,128,,,1,0.80643642,0.80000001,36,45,281.39458,188,218,-6.3675128,281.3946,3086.4906,2741.2969,-5.2452512,217.22967,6365.991,15.209003,-12.558346,-12.987491,7.409719,8.9361687,235.44183,54.903936,0.51911925,-5.6946573,10.514161,2.1535594,5.791315,-11.668334,-12.779325,3.2209632,16.175578,0.622739,13.932957,0.1282231,16.092343,0.038390778,7.7075246,0.15659536,8.4610572,0.046571349,4.5396043,0.7509621,603,-11.755736,6.1132275,1.0053642,2,0.020654499,30,2327.0735,2669.1374,-5.8094955,71.949565,5350.376,7.3087749,-6.8986905,-6.0701528,2.5694454,1.196444,12.627812,6.6020499,0.55262339,-5.1514147,6.702616,5.1666667,4.7094977,-9.19968,-9.2373829,0.77541393,2.977756,0.67267614,24.605136,0.12168404,30.051951,0.025186803,10.86537,0.15645951,15.286037,0.020949248,6.0360883,0.79436018,65,-6.8037007,2.8266156,1.0437263,1,0.005816637
7,These Are The Times,Martin Garrix/JRM,,Martin Garrix; JRM - These Are The Times.mp3,Martin Garrix; JRM - These Are The Times.mp3,Martin Garrix; JRM - These Are The Times.mp3,music/warren/Martin Garrix; JRM - These Are The Times.mp3,,,True,127,0.9310776,,127,,,1,0.77025861,0.80000001,24,30,188.80145,152,182,-8.1371946,188.80145,2422.893,2618.1979,-5.6907319,134.62224,5493.3976,12.653286,-14.275748,-13.036049,9.7347174,7.845789,117.62187,94.764723,0.41763565,-7.5840487,12.000935,2.9184098,6.2648262,-12.402897,-13.784995,4.4780052,37.398621,0.28814069,9.1695468,0.16736049,11.31752,0.19655995,11.638663,0.30184897,8.4150932,0.037459136,4.6671639,0.45550119,402,-12.873164,9.6576069,1.0170428,1,0.012482283,30,2558.8531,2877.0596,-5.1516856,61.845459,6079.3257,3.5524406,-8.4108229,-7.9021401,1.7770325,1.138854,12.266361,3.1578445,0.44332249,-7.0656048,8.6417034,4.1666667,4.4573261,-10.194914,-10.144731,0.22929871,0.96909132,0.4158123,25.337875,0.23230523,28.499404,0.16058698,19.931399,0.15481604,7.7583776,0.029580817,6.3900455,0.64811754,64,-7.1909133,1.411236,1.0281887,2,0.00021323081
8,These Are The Times (Dyro Remix),Martin Garrix/JRM/Dyro,,Martin Garrix; JRM; Dyro - These Are The Times (Dyro Remix).mp3,Martin Garrix; JRM; Dyro - These Are The Times (Dyro Remix).mp3,Martin Garrix; JRM; Dyro - These Are The Times (Dyro Remix).mp3,music/warren/Martin Garrix; JRM; Dyro - These Are The Times (Dyro Remix).mp3,,,True,127,0.92987496,,127,,,0.99647152,0.77448291,0.76923078,20,26,162.58612,48,78,-6.5403488,162.58612,3475.1887,2872.9851,-4.1914907,175.63028,6956.2032,12.333977,-10.584337,-8.0091019,11.228257,4.4713144,236.59142,126.07376,0.53989683,-5.3537844,10.246917,2.2511146,6.3844424,-8.0735676,-8.9960789,4.0067121,27.246646,0.29872059,23.828673,0.20029158,23.343336,0.054736528,12.312856,0.25987013,16.795117,0.15168388,14.100116,0.49901217,347,-10.32913,15.446692,1.0194645,1,0.0045258752,30,3536.1652,2963.6884,-3.7755065,97.441077,7171.5358,6.8112612,-7.1225417,-6.4807839,2.5364914,2.1447382,16.391878,6.4337888,0.59110238,-4.5667458,8.8783761,3.0333333,6.5566005,-7.6315379,-7.5962319,0.38838564,1.6827138,0.40356897,44.051423,0.25473115,41.165175,0.046089003,18.121873,0.13503131,17.661922,0.1366489,19.96534,0.65830012,64,-6.5949591,1.1096822,1.0698982,2,0.0002840382
9,Burn Out,Martin Garrix/Justin Mylo/Dewain Whitmore,,Martin Garrix; Justin Mylo; Dewain Whitmore - Burn Out.mp3,Martin Garrix; Justin Mylo; Dewain Whitmore - Burn Out.mp3,Martin Garrix; Justin Mylo; Dewain Whitmore - Burn Out.mp3,music/warren/Martin Garrix; Justin Mylo; Dewain Whitmore - Burn Out.mp3,,,True,128,0.95376176,,128,,,1,0.84587252,0.78125,25,32,200.33204,70,100,-7.819538,200.33206,2928.8209,2881.878,-5.5209509,142.75668,6598.337,14.294148,-14.450031,-12.803334,9.6263068,6.8668289,91.414894,92.665783,0.42618071,-7.4081242,11.401764,3.000019,4.2129057,-12.248468,-13.916811,5.5314032,42.760379,0.32873778,10.130026,0.18104865,9.112867,0.10345209,9.5952844,0.31455373,8.0252742,0.060648405,4.6867051,0.50978643,428,-13.826531,9.8675367,1.0440269,1,0.012846263,30,3020.1143,3119.3072,-4.8906306,64.187112,7264.3227,3.7301617,-8.1888001,-7.5270433,2.5033537,0.78451157,25.879791,6.2667799,0.45067328,-6.9227638,7.9549172,3.8333333,3.9861809,-10.184812,-10.183197,0.26621265,1.0359808,0.48563421,27.003653,0.23937694,22.457116,0.065563663,17.402359,0.16145962,8.936122,0.039207757,4.7459043,0.72501116,65,-7.4884735,1.9798619,1.0131384,1,0.00024198736
10,Bouncybob,Martin Garrix/Justin Mylo/Mesto,,Martin Garrix; Justin Mylo; Mesto - Bouncybob.mp3,Martin Garrix; Justin Mylo; Mesto - Bouncybob.mp3,Martin Garrix; Justin Mylo; Mesto - Bouncybob.mp3,music/warren/Martin Garrix; Justin Mylo; Mesto - Bouncybob.mp3,,,True,128,0.97005337,,128,,,1,0.90017796,0.80000001,32,40,251.25977,203,233,-8.9765908,251.25977,3029.6654,2774.4309,-5.1215762,175.84504,6375.1932,17.077263,-15.47217,-13.259085,10.570243,8.6180086,234.60585,111.73003,0.41501901,-7.6386401,12.256135,3.5063313,7.9101804,-13.147493,-14.031621,3.9120432,40.768903,0.37595283,16.150325,0.30054996,18.019929,0.15432811,17.20341,0.12048023,9.3094756,0.039373083,5.811212,0.67650279,535,-10.930469,7.2101017,1.0681663,0,0.011975714,30,3222.6373,3075.6452,-4.6549843,110.5535,7114.7903,10.726982,-10.468473,-8.664526,5.1219794,3.5730872,46.573612,26.234673,0.45009625,-6.9338921,9.7385704,5.6333333,6.5880562,-11.297018,-11.320787,0.36967351,1.3430893,0.46565965,22.453368,0.35980849,25.448959,0.082726863,19.527833,0.059680033,10.282867,0.026698067,8.0420728,0.82546814,65,-7.6727114,1.4453987,1.0768552,1,0.0001481042
11,Hero,Martin Garrix/JVKE,,Martin Garrix; JVKE - Hero.mp3,Martin Garrix; JVKE - Hero.mp3,Martin Garrix; JVKE - Hero.mp3,music/warren/Martin Garrix; JVKE - Hero.mp3,,,True,84,0.82189178,,84,,,1,0.40630597,0.80000001,20,25,160.77497,88,118,-8.9785705,160.77497,2377.0142,2587.0119,-6.7750771,144.70079,5086.9448,14.404797,-14.631514,-11.902035,11.630767,6.5489521,128.16515,135.27474,0.40931732,-7.7587976,11.868279,3.2965331,4.3382806,-11.930491,-13.241887,5.0632794,47.757823,0.31125561,8.8405775,0.1254697,8.8667382,0.091211838,7.2886465,0.41480493,12.44172,0.052794426,6.108407,0.43672531,226,-12.869675,11.619761,1.1621209,3,0.007670489,30,2415.1178,2610.4573,-6.380584,76.257872,5233.9642,5.4133115,-9.4245262,-9.2299538,2.1086606,2.136425,17.733868,4.4464497,0.44246319,-7.0824571,9.8639489,5.2333333,3.451562,-10.282446,-10.29963,0.35755148,1.4028665,0.34357442,15.348077,0.1436271,15.127349,0.073363114,8.887799,0.37982603,14.26271,0.055113878,8.5203514,0.48720152,43,-7.9689021,1.4769399,1.2858714,0,8.1654495e-05
12,Ocean,Martin Garrix/Khalid,,Martin Garrix; Khalid - Ocean.mp3,Martin Garrix; Khalid - Ocean.mp3,Martin Garrix; Khalid - Ocean.mp3,music/warren/Martin Garrix; Khalid - Ocean.mp3,,,True,140,0.85916889,,140,,,1,0.53056306,0.80000001,28,35,216.47964,168,198,-9.1132764,216.47964,1953.4003,2256.2407,-6.5834973,133.55828,4190.7796,10.111204,-13.758324,-12.207256,11.205261,4.7242146,97.638847,125.55786,0.41666529,-7.6042536,11.072015,3.2705155,4.0546655,-11.864474,-13.083582,5.6720408,59.473045,0.19473859,6.3379478,0.14843315,9.6893999,0.24518091,11.440452,0.37587794,8.7453862,0.031036802,4.1423047,0.34317174,507,-12.319011,7.4495497,1.0385208,0,0.0040192375,30,2519.8944,2812.5786,-5.4797357,97.161912,5824.8898,4.8331513,-9.4580651,-9.3991222,1.8274949,1.9352837,12.773546,3.3397375,0.42894139,-7.3520409,9.3438853,4.4333333,4.3492095,-10.121878,-10.157851,0.62123343,2.3353304,0.090301353,9.7363945,0.16742049,15.761427,0.43667782,19.390383,0.26373734,9.7339413,0.036722337,6.9734418,0.25772184,71,-9.1382903,2.0954256,1.1317593,0,0.00017149546
13,Game Over,Martin Garrix/LOOPERS,,Martin Garrix; LOOPERS - Game Over.mp3,Martin Garrix; LOOPERS - Game Over.mp3,Martin Garrix; LOOPERS - Game Over.mp3,music/warren/Martin Garrix; LOOPERS - Game Over.mp3,,,True,128,0.97692144,,128,,,1,0.92307138,0.79166669,19,24,155.71302,34,64,-7.3037835,155.71302,2599.7406,2635.605,-5.5213727,87.606458,5634.4321,6.3544803,-8.8884671,-8.243783,3.2211254,2.3442497,66.307365,10.375649,0.49547596,-6.0995482,9.741412,3.724801,4.0759001,-9.4275892,-9.5743849,1.3009413,6.6466522,0.28604869,24.52747,0.23269653,31.500603,0.1339698,16.14298,0.27641587,13.55789,0.058542938,8.3311208,0.51874521,333,-7.4894226,3.9771204,1.0880002,0,0.0086625564,30,2752.6816,2822.573,-4.9595878,62.987119,6094.159,4.3739004,-7.5491498,-7.6286469,1.4672615,1.5078182,9.3127489,2.1528563,0.52379833,-5.6167178,8.7812689,5.5,3.4417094,-8.7219589,-8.7253276,0.26866897,0.93776659,0.30520586,30.248766,0.25709125,40.53474,0.1352033,19.512762,0.23251579,16.164372,0.056491519,9.0694837,0.56229712,64,-5.0642924,0.53855787,1.0754544,1,1.8991195e-05
14,Summer Days,Martin Garrix/Macklemore/Patrick Stump,,Martin Garrix; Macklemore; Patrick Stump - Summer Days.mp3,Martin Garrix; Macklemore; Patrick Stump - Summer Days.mp3,Martin Garrix; Macklemore; Patrick Stump - Summer Days.mp3,music/warren/Martin Garrix; Macklemore; Patrick Stump - Summer Days.mp3,,,True,114,0.93979561,,114,,,1,0.79931861,0.76923078,20,26,163.86322,77,107,-8.8650817,163.86322,2206.5737,2407.1348,-6.1117831,108.32501,4782.3153,10.91955,-13.560944,-12.232496,11.834032,5.9442196,234.4437,140.04431,0.42406573,-7.4513365,11.219756,3.0879413,4.7639276,-12.208685,-13.002565,3.7216696,36.111511,0.14216561,12.916447,0.22967894,13.788643,0.28391408,10.972324,0.2391209,9.5600885,0.035467786,4.4844911,0.37184455,312,-11.264603,8.0689744,1.0878072,0,0.015602883,30,2490.9483,2754.2634,-5.58302,60.162136,5631.8909,7.6420083,-9.7102655,-8.6077328,3.0513953,4.560782,19.372423,9.3110135,0.46372461,-6.674797,9.0053079,3.9,4.4948123,-10.671382,-10.670077,0.60069628,2.606547,0.19692702,25.029587,0.21716986,22.93327,0.23479679,14.865549,0.20577067,10.408255,0.033292916,5.2698242,0.41409687,58,-6.8521172,2.2009418,1.0764729,2,0.00057768731
15,Summer Days (Vintage Culture & Bruno Be Remix),Martin Garrix/Macklemore/Patrick Stump/Vintage Culture/Bruno Be,,Martin Garrix; Macklemore; Patrick Stump; Vintage Culture; Bruno Be - Summer Days (Vintage Culture & Bruno Be Remix).mp3,Martin Garrix; Macklemore; Patrick Stump; Vintage Culture; Bruno Be - Summer Days (Vintage Culture & Bruno Be Remix).mp3,Martin Garrix; Macklemore; Patrick Stump; Vintage Culture; Bruno Be - Summer Days (Vintage Culture & Bruno Be Remix).mp3,music/warren/Martin Garrix; Macklemore; Patrick Stump; Vintage Culture; Bruno Be - Summer Days (Vintage Culture & Bruno Be Remix).mp3,,,True,122,0.97400355,,122,,,1,0.9133451,0.77419353,24,31,195.86032,159,189,-8.3726491,195.86032,2725.0013,2650.8613,-5.5378604,139.41766,5822.9057,10.900064,-13.099571,-10.812404,10.955357,6.0892344,144.32854,120.01986,0.4165226,-7.6072286,11.543857,2.7825953,7.3242472,-11.56947,-12.485075,3.4979969,27.825079,0.2270984,14.565102,0.27981696,14.552924,0.12666713,11.062757,0.29998752,12.344292,0.055832219,9.1726779,0.50691536,398,-10.813238,7.6259497,1.0113026,1,0.013635632,30,2818.1295,2898.3186,-5.0491379,59.866305,6363.8074,3.5087829,-8.5377293,-8.4659472,1.2280571,1.4796629,9.0214901,1.5081242,0.44352726,-7.0615936,9.2585959,4.9666667,5.1930993,-10.04447,-10.055925,0.34067135,1.3103214,0.27175313,27.167973,0.33734137,23.241786,0.10251764,15.475891,0.22699769,16.399025,0.052382553,11.357375,0.6090945,62,-6.9801635,1.0620288,1.0546583,2,4.3500351e-05
16,Forever,Martin Garrix/Matisse & Sadko,,Martin Garrix; Matisse & Sadko - Forever.mp3,Martin Garrix; Matisse & Sadko - Forever.mp3,Martin Garrix; Matisse & Sadko - Forever.mp3,music/warren/Martin Garrix; Matisse & Sadko - Forever.mp3,,,True,128,0.97110075,,128,,,1,0.90366918,0.80000001,28,35,218.49977,60,90,-8.437009,218.49977,2429.2436,2271.1846,-5.484768,110.64225,5112.0358,7.6604013,-12.053499,-11.613297,4.8555504,3.992609,121.71993,23.57637,0.38425917,-8.3075153,12.94059,1.7162489,3.4600383,-11.120465,-11.833894,2.7511891,21.270939,0.15121536,7.0248669,0.14160761,9.1869518,0.070938378,7.3768559,0.53637098,8.1799419,0.089156761,3.1148374,0.29282297,468,-11.66187,7.5587859,1.043885,1,0.0086224701,30,3234.3066,2956.3756,-4.9706323,87.332805,7027.3742,3.0559282,-8.6110607,-8.4636078,1.3902934,1.4670968,14.881187,1.9329158,0.43484542,-7.2333021,10.215499,4.3,2.3421784,-9.0362982,-9.0271962,0.14819513,0.57324175,0.26704692,19.514242,0.17287588,21.768748,0.084291121,17.069621,0.36392439,9.8991422,0.099084846,3.3601515,0.4399228,65,-7.2636614,1.9145753,1.0386105,3,6.0312463e-05
17,Mistaken,Martin Garrix/Matisse & Sadko/Alex Aris,,Martin Garrix; Matisse & Sadko; Alex Aris - Mistaken.mp3,Martin Garrix; Matisse & Sadko; Alex Aris - Mistaken.mp3,Martin Garrix; Matisse & Sadko; Alex Aris - Mistaken.mp3,music/warren/Martin Garrix; Matisse & Sadko; Alex Aris - Mistaken.mp3,,,True,128,0.93519908,,128,,,0.99613398,0.79301757,0.78260869,36,46,282.54041,234,264,-8.1113083,282.54041,2239.3903,2357.7788,-6.0695738,115.5545,4727.3308,8.8615685,-12.196846,-11.185474,5.9566669,3.7834702,110.98766,35.48188,0.4045371,-7.8608329,12.223947,2.771285,2.9090076,-11.283662,-12.248082,3.7394627,32.59063,0.19500153,11.969471,0.20160163,10.091896,0.077921043,8.3411173,0.46812436,7.3963786,0.051353788,2.5669464,0.39660316,608,-11.415385,6.2680764,1.0384545,3,0.0113226,30,2939.2433,2921.7366,-5.2123538,76.420371,6706.1761,3.4522285,-8.3195406,-8.3548584,1.3796756,1.8624868,8.8666983,1.9035047,0.46625538,-6.6275228,9.5266611,5.5333333,2.222673,-9.1549894,-9.1569091,0.17930185,0.77530333,0.26034626,26.699106,0.27912389,19.953268,0.074423144,16.317477,0.30971837,9.2318902,0.068124264,3.8338381,0.53947015,64,-6.7619683,1.1710818,1.026758,1,0.00025840192
18,Together,Martin Garrix/Matisse & Sadko/Max McElligott,,Martin Garrix; Matisse & Sadko; Max McElligott - Together.mp3,Martin Garrix; Matisse & Sadko; Max McElligott - Together.mp3,Martin Garrix; Matisse & Sadko; Max McElligott - Together.mp3,music/warren/Martin Garrix; Matisse & Sadko; Max McElligott - Together.mp3,,,True,128,0.89831585,,128,,,0.9941327,0.67474312,0.80000001,28,35,221.27442,77,107,-8.6325903,221.27442,2452.8178,2382.7008,-5.7526818,156.05923,5148.1754,13.437844,-14.883907,-13.076197,11.820374,6.5489559,234.21823,139.72124,0.37717406,-8.4691636,13.628239,2.4675242,3.1502384,-11.918775,-13.707753,4.5820969,30.250259,0.16486109,7.7824647,0.13756308,7.1936181,0.067168694,6.5600193,0.52369734,7.36529,0.096900892,3.2397055,0.30242417,475,-14.01618,12.796655,1.0156393,1,0.014203086,30,3217.3759,2934.293,-5.051362,90.995283,6992.4827,3.9141288,-8.8307567,-8.9574852,1.2993719,1.7298307,6.6604671,1.6883674,0.44409392,-7.0505035,10.359701,5.2,2.109038,-9.2833392,-9.2977821,0.24312593,0.70670201,0.26260848,23.566486,0.19425673,18.704756,0.054001089,13.981726,0.36882563,8.2885176,0.10818873,3.5461494,0.45686522,65,-7.2643675,1.3210642,1.0324939,1,0.00036980159
19,Limitless,Martin Garrix/Mesto,,Martin Garrix; Mesto - Limitless.mp3,Martin Garrix; Mesto - Limitless.mp3,Martin Garrix; Mesto - Limitless.mp3,music/warren/Martin Garrix; Mesto - Limitless.mp3,,,True,126,0.97511733,,126,,,1,0.91705775,0.78260869,18,23,146.68154,110,140,-6.398616,146.68154,2451.3471,2627.0397,-5.1388616,104.41968,5550.8826,13.900337,-11.663531,-9.9736061,9.0048515,5.7827134,99.444588,81.087351,0.5492431,-5.2047078,10.137966,3.0133307,6.0603576,-10.540708,-11.989316,5.2935297,39.112854,0.39984453,18.54272,0.23523809,24.714907,0.16320021,17.525149,0.17202961,11.697586,0.022684418,5.2053743,0.63508262,308,-10.014365,10.231277,1.0642041,3,0.027639611,30,2999.8884,3113.0654,-4.2209441,72.603728,6888.3792,12.564816,-7.7913225,-6.4778266,4.5834126,3.3648553,28.551813,21.007671,0.62015687,-4.1499689,7.943125,4.2,7.5305022,-9.0224809,-9.1167476,1.3894429,7.4575014,0.52374689,37.893114,0.25716109,46.260609,0.079345679,29.422279,0.11001328,20.132946,0.020599914,10.400289,0.78090798,64,-5.5923382,4.7186722,1.1225038,1,0.0056828594
20,WIEE,Martin Garrix/Mesto,,Martin Garrix; Mesto - WIEE.mp3,Martin Garrix; Mesto - WIEE.mp3,Martin Garrix; Mesto - WIEE.mp3,music/warren/Martin Garrix; Mesto - WIEE.mp3,,,True,128,0.90797895,,128,,,1,0.69326311,0.78125,25,32,203.22104,61,91,-9.6030928,203.22104,2231.249,2521.091,-5.747939,88.439151,5096.0196,17.04615,-16.028446,-14.350283,12.05176,7.0711899,233.93982,145.24493,0.38584183,-8.2718139,12.272524,3.843106,5.2612394,-13.559025,-15.359269,4.9616098,34.00715,0.34035905,13.362313,0.25353686,15.318204,0.15818442,13.057831,0.19717261,10.185111,0.039651826,4.3470833,0.59389591,435,-14.7921,14.547792,1.0974509,2,0.013168461,30,2761.5982,2879.1013,-5.4195523,86.54531,6307.7744,8.3070984,-10.678166,-10.12696,3.9260513,3.3670835,24.777502,15.413879,0.43075214,-7.3154512,9.5258504,3.9666667,5.5846384,-11.390776,-11.460531,0.90185108,3.9708462,0.38189132,23.561746,0.25679533,22.628447,0.12145274,16.852039,0.18358478,13.253862,0.049851816,7.1765913,0.63868665,64,-9.6530897,3.942568,1.0582196,2,0.0009316204
