track_number,title,artists,mp3_name,filepath,key,bpm,onset-time,genre,key shift,energy
8,An Ending (Ascent) (Remastered 2005),Brian Eno,An Ending (Ascent) (Remastered 2005) [hvzQQOAjuoU].mp3,/Users/josephdaher/Git Repositories/ytdlp/energycurvedataset/An Ending (Ascent) (Remastered 2005) [hvzQQOAjuoU].mp3,,,,Ambient,,1
11,Avril 14th,Aphex Twin,Avril 14th [uxTdTaNIUxo].mp3,/Users/josephdaher/Git Repositories/ytdlp/energycurvedataset/Avril 14th [uxTdTaNIUxo].mp3,,,,Ambient,,1
25,Boreal Kiss Pt. 1,Tim Hecker,Boreal Kiss Pt. 1 [ngneYPFkkTQ].mp3,/Users/josephdaher/Git Repositories/ytdlp/energycurvedataset/Boreal Kiss Pt. 1 [ngneYPFkkTQ].mp3,,,,Ambient,,1
31,Candles,Jon Hopkins,Candles [NOWICxCj4xE].mp3,/Users/josephdaher/Git Repositories/ytdlp/energycurvedataset/Candles [NOWICxCj4xE].mp3,,,,Ambient,,1
64,Floating Trees,C418,Floating Trees [1JsoFfSiDz4].mp3,/Users/josephdaher/Git Repositories/ytdlp/energycurvedataset/Floating Trees [1JsoFfSiDz4].mp3,,,,Ambient,,1
105,Lost In Thought,Jon Hopkins,Lost In Thought [VdyLmkQH0rU].mp3,/Users/josephdaher/Git Repositories/ytdlp/energycurvedataset/Lost In Thought [VdyLmkQH0rU].mp3,,,,Ambient,,1
113,Mice on Venus,C418,Minecraft Volume Alpha - 11 - Mice on Venus [KdOD0fZs_XU].mp3,/Users/josephdaher/Git Repositories/ytdlp/energycurvedataset/Minecraft Volume Alpha - 11 - Mice on Venus [KdOD0fZs_XU].mp3,,,,Ambient,,1
144,Sea-Watch,Floating Points,Sea-Watch [76v58drqRgY].mp3,/Users/josephdaher/Git Repositories/ytdlp/energycurvedataset/Sea-Watch [76v58drqRgY].mp3,,,,Ambient,,1
186,World of Sleepers,Carbon Based Lifeforms,World of Sleepers [7c_LJlG7P50].mp3,/Users/josephdaher/Git Repositories/ytdlp/energycurvedataset/World of Sleepers [7c_LJlG7P50].mp3,,,,Ambient,,1
28,Burial: Night Bus (Hyperdub 2005),Hyperdub,Burial： Night Bus (Hyperdub 2005) [IV-Q3j9ngRs].mp3,/Users/josephdaher/Git Repositories/ytdlp/energycurvedataset/Burial： Night Bus (Hyperdub 2005) [IV-Q3j9ngRs].mp3,,,,Ambient,,1
1,Exchange,"Massive Attack, Horace Andy",(Exchange) [I3CoKPpILa4].mp3,/Users/josephdaher/Git Repositories/ytdlp/energycurvedataset/(Exchange) [I3CoKPpILa4].mp3,,,,Trip Hop,,1.5
5,Tri-State,Above & Beyond,Above & Beyond - Tri-State [Z57rEAStXD4].mp3,/Users/josephdaher/Git Repositories/ytdlp/energycurvedataset/Above & Beyond - Tri-State [Z57rEAStXD4].mp3,,,,Trance,,1.5
82,Immunity (Remaster 2023),Jon Hopkins,Immunity (Remaster 2023) [feR_nsvDM4w].mp3,/Users/josephdaher/Git Repositories/ytdlp/energycurvedataset/Immunity (Remaster 2023) [feR_nsvDM4w].mp3,,,,Electronic,,1.5
104,Lost (Chill Out Mix),Sunlounger,Lost (Chill Out Mix) [QDxnVcH8PkA].mp3,/Users/josephdaher/Git Repositories/ytdlp/energycurvedataset/Lost (Chill Out Mix) [QDxnVcH8PkA].mp3,,,,Chillout,,1.5
24,Black Sands,Bonobo,Bonobo - 'Black Sands' (Official Audio) [cTjF2_-bneM].mp3,/Users/josephdaher/Git Repositories/ytdlp/energycurvedataset/Bonobo - 'Black Sands' (Official Audio) [cTjF2_-bneM].mp3,,,,Electronic,,1.5
12,Awake,Tycho,Awake [W8VdVY8diqs].mp3,/Users/josephdaher/Git Repositories/ytdlp/energycurvedataset/Awake [W8VdVY8diqs].mp3,,,,Electronic,,2
27,"Burial, Archangel",Hyperdub,"Burial, Archangel [8k_f2QK77ew].mp3","/Users/josephdaher/Git Repositories/ytdlp/energycurvedataset/Burial, Archangel [8k_f2QK77ew].mp3",,,,Future Garage,,2
39,I'm God,"Clams Casino, Imogen Heap",clams casino - i'm god ft. imogen heap [OU9HBH-XBIA].mp3,/Users/josephdaher/Git Repositories/ytdlp/energycurvedataset/clams casino - i'm god ft. imogen heap [OU9HBH-XBIA].mp3,,,,Trip Hop,,2
53,Midnight In A Perfect World,DJ Shadow,DJ Shadow - Midnight In A Perfect World [InFbBlpDTfQ].mp3,/Users/josephdaher/Git Repositories/ytdlp/energycurvedataset/DJ Shadow - Midnight In A Perfect World [InFbBlpDTfQ].mp3,,,,Trip Hop,,2
98,Les Nuits (Radio Edit),Nightmares On Wax,Les Nuits (Radio Edit) [fVcxGW2PZFU].mp3,/Users/josephdaher/Git Repositories/ytdlp/energycurvedataset/Les Nuits (Radio Edit) [fVcxGW2PZFU].mp3,,,,Electronic,,2
110,Mi Mujer,Nicolas Jaar,Mi Mujer [26BkmtOqc88].mp3,/Users/josephdaher/Git Repositories/ytdlp/energycurvedataset/Mi Mujer [26BkmtOqc88].mp3,,,,Electronic,,2
149,By Your Side,Sofia Kourtesis,Sofia Kourtesis - 'By Your Side' (Official Audio) [WMJ_JutOOMw].mp3,/Users/josephdaher/Git Repositories/ytdlp/energycurvedataset/Sofia Kourtesis - 'By Your Side' (Official Audio) [WMJ_JutOOMw].mp3,,,,Electronic,,2
158,Is It True (Four Tet Remix),"Tame Impala, Four Tet",Tame Impala - Is It True (Four Tet Remix) (Official Visualiser) [kS2yy9VQNYY].mp3,/Users/josephdaher/Git Repositories/ytdlp/energycurvedataset/Tame Impala - Is It True (Four Tet Remix) (Official Visualiser) [kS2yy9VQNYY].mp3,,,,Electronic,,2
165,Lebanese Blonde,Thievery Corporation,Thievery Corporation - Lebanese Blonde [Official Audio] [1t7W6NtTKAw].mp3,/Users/josephdaher/Git Repositories/ytdlp/energycurvedataset/Thievery Corporation - Lebanese Blonde [Official Audio] [1t7W6NtTKAw].mp3,,,,Electronic,,2
171,Bunny,Tourist,Tourist - Bunny (Official Audio) [U_i895w7CfM].mp3,/Users/josephdaher/Git Repositories/ytdlp/energycurvedataset/Tourist - Bunny (Official Audio) [U_i895w7CfM].mp3,,,,Electronic,,2
172,Sister,TSHA,TSHA - 'Sister' (Official Audio) [i843ERvEaIQ].mp3,/Users/josephdaher/Git Repositories/ytdlp/energycurvedataset/TSHA - 'Sister' (Official Audio) [i843ERvEaIQ].mp3,,,,Electronic,,2
188,Xtal,Aphex Twin,Xtal [sWcLccMuCA8].mp3,/Users/josephdaher/Git Repositories/ytdlp/energycurvedataset/Xtal [sWcLccMuCA8].mp3,,,,Ambient,,2
160,Tearing Me Up (Edit),Bob Moses,Tearing Me Up (Edit) [WgLe5w9Jg_w].mp3,/Users/josephdaher/Git Repositories/ytdlp/energycurvedataset/Tearing Me Up (Edit) [WgLe5w9Jg_w].mp3,,,,Electronic,,2.5
44,Something About Us,Daft Punk,Daft Punk - Something About Us (Official Audio) [em0MknB6wFo].mp3,/Users/josephdaher/Git Repositories/ytdlp/energycurvedataset/Daft Punk - Something About Us (Official Audio) [em0MknB6wFo].mp3,,,,Electronic,,2.5
59,Element (Original Mix),Palace,Element (Original Mix) [QY7gczTqSNE].mp3,/Users/josephdaher/Git Repositories/ytdlp/energycurvedataset/Element (Original Mix) [QY7gczTqSNE].mp3,,,,Minimal House,,2.5
182,Whatchagonnado,Franky Rizardo,Whatchagonnado [Iof_yjvvZd8].mp3,/Users/josephdaher/Git Repositories/ytdlp/energycurvedataset/Whatchagonnado [Iof_yjvvZd8].mp3,,,,Minimal House,,2.5
38,Cirrus,Bonobo,Cirrus [KivTOMUltBs].mp3,/Users/josephdaher/Git Repositories/ytdlp/energycurvedataset/Cirrus [KivTOMUltBs].mp3,,,,Electronic,,2.5
84,It Makes You Forget (Itgehane) (Edit),Peggy Gou,It Makes You Forget (Itgehane) (Edit) [BACnvj5jAh0].mp3,/Users/josephdaher/Git Repositories/ytdlp/energycurvedataset/It Makes You Forget (Itgehane) (Edit) [BACnvj5jAh0].mp3,,,,House,,2.5
89,Soweto Blues (feat. Busiswa & Jaz Karis),"Juls, Busiswa, Jaz Karis",Juls - Soweto Blues (feat. Busiswa & Jaz Karis) [x28--0bahPg].mp3,/Users/josephdaher/Git Repositories/ytdlp/energycurvedataset/Juls - Soweto Blues (feat. Busiswa & Jaz Karis) [x28--0bahPg].mp3,,,,Pop,,2.5
101,Looped,Kiasmos,Looped [sfyyHlRQ_c0].mp3,/Users/josephdaher/Git Repositories/ytdlp/energycurvedataset/Looped [sfyyHlRQ_c0].mp3,,,,Electronic,,3
106,Loud Places,"Jamie xx, Romy",Loud Places [kuOe4haCNgA].mp3,/Users/josephdaher/Git Repositories/ytdlp/energycurvedataset/Loud Places [kuOe4haCNgA].mp3,,,,Electronic,,3
159,Teardrop,"Massive Attack, Elizabeth Fraser",Teardrop [3h-JYx76QNM].mp3,/Users/josephdaher/Git Repositories/ytdlp/energycurvedataset/Teardrop [3h-JYx76QNM].mp3,,,,Trip Hop,,3
108,Liverpool Street In The Rain,Mall Grab,Mall Grab - Liverpool Street In The Rain [LFT001] [9gDnGxcB0TU].mp3,/Users/josephdaher/Git Repositories/ytdlp/energycurvedataset/Mall Grab - Liverpool Street In The Rain [LFT001] [9gDnGxcB0TU].mp3,,,,Minimal House,,3
32,Canopée,Polo & Pan,Canopée [TkIHG59Q3nY].mp3,/Users/josephdaher/Git Repositories/ytdlp/energycurvedataset/Canopée [TkIHG59Q3nY].mp3,,,,Electronic,,3
52,Observer Effect,Disclosure,Disclosure - Observer Effect [7CdNbm25zpY].mp3,/Users/josephdaher/Git Repositories/ytdlp/energycurvedataset/Disclosure - Observer Effect [7CdNbm25zpY].mp3,,,,Techno,,3
75,Help Me Lose My Mind,"Disclosure, London Grammar",Help Me Lose My Mind [k4weSc8QQgk].mp3,/Users/josephdaher/Git Repositories/ytdlp/energycurvedataset/Help Me Lose My Mind [k4weSc8QQgk].mp3,,,,Electronic,,3
90,10% ft. Kali Uchis,"KAYTRANADA, Kali Uchis",KAYTRANADA - 10% (Audio) ft. Kali Uchis [8yWm2LcPZ4U].mp3,/Users/josephdaher/Git Repositories/ytdlp/energycurvedataset/KAYTRANADA - 10% (Audio) ft. Kali Uchis [8yWm2LcPZ4U].mp3,,,,Electronic,,3
95,Toast,Koffee,Koffee - Toast (Official Audio) [yMi_gAl3APE].mp3,/Users/josephdaher/Git Repositories/ytdlp/energycurvedataset/Koffee - Toast (Official Audio) [yMi_gAl3APE].mp3,,,,Dancehall,,3
107,Lover/Friend,"KAYTRANADA, Rochelle Jordan",Lover⧸Friend [Blfd6BtfkJE].mp3,/Users/josephdaher/Git Repositories/ytdlp/energycurvedataset/Lover⧸Friend [Blfd6BtfkJE].mp3,,,,Electronic,,3
119,Myth,Beach House,Myth - Beach House (OFFICIAL AUDIO) [NyQ9p5S9jBk].mp3,/Users/josephdaher/Git Repositories/ytdlp/energycurvedataset/Myth - Beach House (OFFICIAL AUDIO) [NyQ9p5S9jBk].mp3,,,,Indie,,3
122,One Dance (feat. WizKid & Kyla),"Drake,WizKid, Kyla",One Dance (feat. WizKid & Kyla) - Drake (Official Audio) [FOqKN-ouAUE].mp3,/Users/josephdaher/Git Repositories/ytdlp/energycurvedataset/One Dance (feat. WizKid & Kyla) - Drake (Official Audio) [FOqKN-ouAUE].mp3,,,,R&B,,3
181,What They Say,Maya Jane Coles,What They Say [z3Ns6PuDqOc].mp3,/Users/josephdaher/Git Repositories/ytdlp/energycurvedataset/What They Say [z3Ns6PuDqOc].mp3,,,,Minimal House,,3
29,Ye,Burna Boy,Burna Boy - Ye [Official Audio] [4rz_kQiBxaQ].mp3,/Users/josephdaher/Git Repositories/ytdlp/energycurvedataset/Burna Boy - Ye [Official Audio] [4rz_kQiBxaQ].mp3,,,,Dancehall,,3
69,Glue,Bicep,Glue [Cut9MDjTZIQ].mp3,/Users/josephdaher/Git Repositories/ytdlp/energycurvedataset/Glue [Cut9MDjTZIQ].mp3,,,,Breaks / Breakbeat / UK Bass,,3
70,Gosh,"Jamie xx, MC Moose",Gosh [fyZ8aCHuN-8].mp3,/Users/josephdaher/Git Repositories/ytdlp/energycurvedataset/Gosh [fyZ8aCHuN-8].mp3,,,,Electronic,,3.5
55,Hotline Bling,Drake,Drake - Hotline Bling (Official Audio) [zt6aRKpf9T4].mp3,/Users/josephdaher/Git Repositories/ytdlp/energycurvedataset/Drake - Hotline Bling (Official Audio) [zt6aRKpf9T4].mp3,,,,Rap,,3.5
139,Innerbloom,RÜFÜS DU SOL,RÜFÜS DU SOL - Innerbloom [W10Vof1acps].mp3,/Users/josephdaher/Git Repositories/ytdlp/energycurvedataset/RÜFÜS DU SOL - Innerbloom [W10Vof1acps].mp3,,,,Electronic,,3.5
163,The Last Goodbye (feat. Bettye LaVette),"ODESZA, Bettye LaVette",The Last Goodbye (feat. Bettye LaVette) [B63SD-bopLY].mp3,/Users/josephdaher/Git Repositories/ytdlp/energycurvedataset/The Last Goodbye (feat. Bettye LaVette) [B63SD-bopLY].mp3,,,,Electronic,,3.5
56,Drive,"Black Coffee, David Guetta, Delilah Montagu",Drive [7_pFEKWHmrM].mp3,/Users/josephdaher/Git Repositories/ytdlp/energycurvedataset/Drive [7_pFEKWHmrM].mp3,,,,House,,3.5
97,Latch,"Disclosure, Sam Smith",Latch [kwAYFBvsevA].mp3,/Users/josephdaher/Git Repositories/ytdlp/energycurvedataset/Latch [kwAYFBvsevA].mp3,,,,Pop,,3.5
185,Essence,"Wizkid, Justin Bieber, Tems","Wizkid - Essence (Audio) ft. Justin Bieber, Tems [FeMeopQqB6s].mp3","/Users/josephdaher/Git Repositories/ytdlp/energycurvedataset/Wizkid - Essence (Audio) ft. Justin Bieber, Tems [FeMeopQqB6s].mp3",,,,Dancehall,,3.5
19,Because You Move Me (Extended Mix),"Tinlicker, Helsloot",Because You Move Me (Extended Mix) [2lrq--lFfRc].mp3,/Users/josephdaher/Git Repositories/ytdlp/energycurvedataset/Because You Move Me (Extended Mix) [2lrq--lFfRc].mp3,,,,Progressive House,,4
26,Boy's a Liar,PinkPantheress,Boy's a Liar [TUx5IfCc9tA].mp3,/Users/josephdaher/Git Repositories/ytdlp/energycurvedataset/Boy's a Liar [TUx5IfCc9tA].mp3,,,,Rap,,4
34,Controller,Channel Tres,Channel Tres - Controller [AknovSJY_WM].mp3,/Users/josephdaher/Git Repositories/ytdlp/energycurvedataset/Channel Tres - Controller [AknovSJY_WM].mp3,,,,Electronic,,4
57,Break My Heart,Dua Lipa,Dua Lipa - Break My Heart (Official Lyrics Video) [jgh8owCuX78].mp3,/Users/josephdaher/Git Repositories/ytdlp/energycurvedataset/Dua Lipa - Break My Heart (Official Lyrics Video) [jgh8owCuX78].mp3,,,,Dance Pop,,4
65,Insane feat. Moon Holiday,"Flume, Moon Holiday",Flume - Insane feat. Moon Holiday [peRS3KGNxoY].mp3,/Users/josephdaher/Git Repositories/ytdlp/energycurvedataset/Flume - Insane feat. Moon Holiday [peRS3KGNxoY].mp3,,,,Electronic,,4
67,Delilah (pull me out of this),"Fred again.., Delilah Montagu",Fred again.. - Delilah (pull me out of this) [Cl6Rz1Uvi2M].mp3,/Users/josephdaher/Git Repositories/ytdlp/energycurvedataset/Fred again.. - Delilah (pull me out of this) [Cl6Rz1Uvi2M].mp3,,,,Electronic,,4
79,I'm In Control (The Magician Remix),"AlunaGeorge, Popcaan",I'm In Control (The Magician Remix) [npBySd4Qm2Q].mp3,/Users/josephdaher/Git Repositories/ytdlp/energycurvedataset/I'm In Control (The Magician Remix) [npBySd4Qm2Q].mp3,,,,House,,4
116,Rhyme Dust (Extended),"MK (Marc Kinchen), Dom Dolla","MK, Dom Dolla - Rhyme Dust (Extended - Official Audio) [Mj5IU7L5AUs].mp3","/Users/josephdaher/Git Repositories/ytdlp/energycurvedataset/MK, Dom Dolla - Rhyme Dust (Extended - Official Audio) [Mj5IU7L5AUs].mp3",,,,Tech house,,6
117,"Shook Ones, Pt. III (Extended Mix)","Mobb Deep, Nick Morgan","Mobb Deep, Nick Morgan - Shook Ones, Pt. III (Extended Mix) [g5k8DexrhKg].mp3","/Users/josephdaher/Git Repositories/ytdlp/energycurvedataset/Mobb Deep, Nick Morgan - Shook Ones, Pt. III (Extended Mix) [g5k8DexrhKg].mp3",,,,Progressive House,,4
118,Motivation,"Kelly Rowland, Lil Wayne",Motivation [qvnosNwG6s0].mp3,/Users/josephdaher/Git Repositories/ytdlp/energycurvedataset/Motivation [qvnosNwG6s0].mp3,,,,R&B,,4
125,Family,Popcaan,Popcaan - Family [YERIuRa_vRo].mp3,/Users/josephdaher/Git Repositories/ytdlp/energycurvedataset/Popcaan - Family [YERIuRa_vRo].mp3,,,,Dancehall,,4
142,Say So,"Doja Cat, Nicki Minaj",Say So [LmnCBjj-YyI].mp3,/Users/josephdaher/Git Repositories/ytdlp/energycurvedataset/Say So [LmnCBjj-YyI].mp3,,,,Pop,,4
145,SexyBack,"Justin Timberlake, Timbaland",SexyBack [gfWQ1r6IQrY].mp3,/Users/josephdaher/Git Repositories/ytdlp/energycurvedataset/SexyBack [gfWQ1r6IQrY].mp3,,,,Music,,4
184,White Noise,"Disclosure, AlunaGeorge",White Noise [fxxe6QzDvKs].mp3,/Users/josephdaher/Git Repositories/ytdlp/energycurvedataset/White Noise [fxxe6QzDvKs].mp3,,,,House,,4
192,Lady (Hear me Tonight),Modjo,【HQ】 Lady (Hear me Tonight) - Modjo [dhpHOn5pM9k].mp3,/Users/josephdaher/Git Repositories/ytdlp/energycurvedataset/【HQ】 Lady (Hear me Tonight) - Modjo [dhpHOn5pM9k].mp3,,,,French House,,4
78,I Feel It Coming,"The Weeknd, Daft Punk",I Feel It Coming [iIWoYaJRryw].mp3,/Users/josephdaher/Git Repositories/ytdlp/energycurvedataset/I Feel It Coming [iIWoYaJRryw].mp3,,,,Pop,,4
115,17,MK (Marc Kinchen),MK - 17 (Lyric Video) [NoBAfjvhj7o].mp3,/Users/josephdaher/Git Repositories/ytdlp/energycurvedataset/MK - 17 (Lyric Video) [NoBAfjvhj7o].mp3,,,,Dance Pop,,4.5
134,Umbrella ft. Jay Z,"Rihanna, Jay-Z",Rihanna - Umbrella (Audio) ft. Jay Z [cSuf0yP8C9Q].mp3,/Users/josephdaher/Git Repositories/ytdlp/energycurvedataset/Rihanna - Umbrella (Audio) ft. Jay Z [cSuf0yP8C9Q].mp3,,,,Pop,,4.5
114,Miradors (Lane 8 Remix),Solomon Grey,Miradors (Lane 8 Remix) [Gb4vzBErGyw].mp3,/Users/josephdaher/Git Repositories/ytdlp/energycurvedataset/Miradors (Lane 8 Remix) [Gb4vzBErGyw].mp3,,,,Progressive House,,4.5
120,Nelly Furtado - Promiscuous feat. Timbaland,Mark$$,Nelly Furtado - Promiscuous feat. Timbaland [tFrr1MSktFk].mp3,/Users/josephdaher/Git Repositories/ytdlp/energycurvedataset/Nelly Furtado - Promiscuous feat. Timbaland [tFrr1MSktFk].mp3,,,,R&B,,4.5
140,On My Knees,RÜFÜS DU SOL,RÜFÜS DU SOL - On My Knees [ecAt6kzLXZs].mp3,/Users/josephdaher/Git Repositories/ytdlp/energycurvedataset/RÜFÜS DU SOL - On My Knees [ecAt6kzLXZs].mp3,,,,Electronic,,4.5
166,Thin Line (Extended Mix),"John Summit, Guz",Thin Line (Extended Mix) [T0h7KhitYFY].mp3,/Users/josephdaher/Git Repositories/ytdlp/energycurvedataset/Thin Line (Extended Mix) [T0h7KhitYFY].mp3,,,,House,,4.5
168,Titi Me Pregunto,Bad Bunny,Titi Me Pregunto - Bad Bunny (Audio⧸Estudio) 2022 [1ZJCDGUGc1o].mp3,/Users/josephdaher/Git Repositories/ytdlp/energycurvedataset/Titi Me Pregunto - Bad Bunny (Audio⧸Estudio) 2022 [1ZJCDGUGc1o].mp3,,,,Reggaeton,,4.5
187,Xpander,Sasha,Xpander [HRqPeKbYoGw].mp3,/Users/josephdaher/Git Repositories/ytdlp/energycurvedataset/Xpander [HRqPeKbYoGw].mp3,,,,Trance,,4.5
126,rockstar ft. 21 Savage,Post Malone,Post Malone - rockstar ft. 21 Savage (Official Audio) [4GFAZBKZVJY].mp3,/Users/josephdaher/Git Repositories/ytdlp/energycurvedataset/Post Malone - rockstar ft. 21 Savage (Official Audio) [4GFAZBKZVJY].mp3,,,,Rap,,4.5
190,Your Mind,Adam Beyer & Bart Skils,Your Mind [UUdTzrFhHPw].mp3,/Users/josephdaher/Git Repositories/ytdlp/energycurvedataset/Your Mind [UUdTzrFhHPw].mp3,,,,Techno,,4.5
4,[It Goes Like] Nanana,Peggy Gou,[It Goes Like] Nanana [tyd-Vs0MHH4].mp3,/Users/josephdaher/Git Repositories/ytdlp/energycurvedataset/[It Goes Like] Nanana [tyd-Vs0MHH4].mp3,,,,House,,5
43,One More Time,Daft Punk,Daft Punk - One More Time (Official Audio) [A2VpR8HahKc].mp3,/Users/josephdaher/Git Repositories/ytdlp/energycurvedataset/Daft Punk - One More Time (Official Audio) [A2VpR8HahKc].mp3,,,,Electronic,,5
45,Danza Kuduro,"Lucenzo, Don Omar",Danza Kuduro [EKjdR-5XKYs].mp3,/Users/josephdaher/Git Repositories/ytdlp/energycurvedataset/Danza Kuduro [EKjdR-5XKYs].mp3,,,,Dance Pop,,5
51,Magnets (A-Trak Remix) ft. Lorde,"Disclosure, Lorde, A-Trak",Disclosure - Magnets (A-Trak Remix) ft. Lorde [zBIE8waeHCI].mp3,/Users/josephdaher/Git Repositories/ytdlp/energycurvedataset/Disclosure - Magnets (A-Trak Remix) ft. Lorde [zBIE8waeHCI].mp3,,,,Future House,,5
58,Hallucinate,Dua Lipa,Dua Lipa - Hallucinate [gEh0I-NzFoc].mp3,/Users/josephdaher/Git Repositories/ytdlp/energycurvedataset/Dua Lipa - Hallucinate [gEh0I-NzFoc].mp3,,,,Dance Pop,,5
86,Where You Are (Extended Mix),"John Summit, Hayla",John Summit & Hayla - Where You Are (Extended Mix) [i6vmJNnPtwQ].mp3,/Users/josephdaher/Git Repositories/ytdlp/energycurvedataset/John Summit & Hayla - Where You Are (Extended Mix) [i6vmJNnPtwQ].mp3,,,,House,,5
121,Ni**as In Paris,"JAŸ-Z, Kanye West",Ni＊＊as In Paris [gTDCMd-O2Yk].mp3,/Users/josephdaher/Git Repositories/ytdlp/energycurvedataset/Ni＊＊as In Paris [gTDCMd-O2Yk].mp3,,,,Rap,,5
124,Dior,Pop Smoke,Pop Smoke - Dior (Official Audio) [goYgHnsQdtY].mp3,/Users/josephdaher/Git Repositories/ytdlp/energycurvedataset/Pop Smoke - Dior (Official Audio) [goYgHnsQdtY].mp3,,,,Rap,,5
128,Todo de Ti,Rauw Alejandro,Rauw Alejandro - Todo de Ti (Audio Oficial) [CnEZteulvm4].mp3,/Users/josephdaher/Git Repositories/ytdlp/energycurvedataset/Rauw Alejandro - Todo de Ti (Audio Oficial) [CnEZteulvm4].mp3,,,,Dance Pop,,5
151,Go Down Deh,"Spice, Shaggy, Sean Paul","Spice - Go Down Deh ｜ Official Audio ft. Shaggy, Sean Paul [ZpJ0kFq5MkY].mp3","/Users/josephdaher/Git Repositories/ytdlp/energycurvedataset/Spice - Go Down Deh ｜ Official Audio ft. Shaggy, Sean Paul [ZpJ0kFq5MkY].mp3",,,,Dancehall,,5
152,Stateside + Zara Larsson,"PinkPantheress, Zara Larsson",Stateside + Zara Larsson [iHsObIWkM-s].mp3,/Users/josephdaher/Git Repositories/ytdlp/energycurvedataset/Stateside + Zara Larsson [iHsObIWkM-s].mp3,,,,Synthpop,,5
167,Time,"Chase & Status, Delilah",Time [RD4lpk3tXSg].mp3,/Users/josephdaher/Git Repositories/ytdlp/energycurvedataset/Time [RD4lpk3tXSg].mp3,,,,Drum & Bass,,6
62,Pepas,Farruko,Farruko - Pepas (Audio) [kcYS_cUwr-8].mp3,/Users/josephdaher/Git Repositories/ytdlp/energycurvedataset/Farruko - Pepas (Audio) [kcYS_cUwr-8].mp3,,,,Dance Pop,,5
37,Won't Stop (Don't),Chris Stussy,Chris Stussy - Won't Stop (Don't) (UTS21) [2pSMGNoGWhY].mp3,/Users/josephdaher/Git Repositories/ytdlp/energycurvedataset/Chris Stussy - Won't Stop (Don't) (UTS21) [2pSMGNoGWhY].mp3,,,,House,,5
153,Still Sleepless (Extended Mix),"D.O.D, Carla Monroe",Still Sleepless (Extended Mix) [HNvtg-zdnI8].mp3,/Users/josephdaher/Git Repositories/ytdlp/energycurvedataset/Still Sleepless (Extended Mix) [HNvtg-zdnI8].mp3,,,,House,,5.5
14,B.O.T.A. (Baddest Of Them All),"Eliza Rose, Interplanetary Criminal",B.O.T.A. (Baddest Of Them All) [YvlhbCh-pnA].mp3,/Users/josephdaher/Git Repositories/ytdlp/energycurvedataset/B.O.T.A. (Baddest Of Them All) [YvlhbCh-pnA].mp3,,,,Garage,,5.5
40,Cola (Club Mix),"CamelPhat, Elderbrook",Cola (Club Mix) [zWewruOuOHo].mp3,/Users/josephdaher/Git Repositories/ytdlp/energycurvedataset/Cola (Club Mix) [zWewruOuOHo].mp3,,,,Tech House,,5.5
103,Losing It,FISHER,Losing It [y902FSus0fI].mp3,/Users/josephdaher/Git Repositories/ytdlp/energycurvedataset/Losing It [y902FSus0fI].mp3,,,,Tech House,,5.5
112,Cooler Than Me (Single Mix),Mike Posner,Mike Posner - Cooler Than Me (Single Mix) [jJTJDrmiarY].mp3,/Users/josephdaher/Git Repositories/ytdlp/energycurvedataset/Mike Posner - Cooler Than Me (Single Mix) [jJTJDrmiarY].mp3,,,,Dance Pop,,5.5
123,Opus,Eric Prydz,Opus [gt1pKrwxAJU].mp3,/Users/josephdaher/Git Repositories/ytdlp/energycurvedataset/Opus [gt1pKrwxAJU].mp3,,,,Progressive House,,5
132,Don't Stop The Music,Rihanna,Rihanna - Don't Stop The Music (Audio) [DT13fOL32Hc].mp3,/Users/josephdaher/Git Repositories/ytdlp/energycurvedataset/Rihanna - Don't Stop The Music (Audio) [DT13fOL32Hc].mp3,,,,Dance Pop,,5.5
135,We Found Love (Calvin Harris Extended Mix),"Rihanna, Calvin Harris",Rihanna - We Found Love (Calvin Harris Extended Mix) [0W35I_7S4Kk].mp3,/Users/josephdaher/Git Repositories/ytdlp/energycurvedataset/Rihanna - We Found Love (Calvin Harris Extended Mix) [0W35I_7S4Kk].mp3,,,,Dance Pop,,5.5
136,RITMO (Bad Boys For Life),"Black Eyed Peas, J Balvin",RITMO (Bad Boys For Life) [nKGJ_7WBREU].mp3,/Users/josephdaher/Git Repositories/ytdlp/energycurvedataset/RITMO (Bad Boys For Life) [nKGJ_7WBREU].mp3,,,,Reggaeton,,5.5
137,Friday (Feat. Mufasa & Hypeman) [Dopamine Re-Edit] [Extended],"Riton, Nightcrawlers, Mufasa, Hypeman",Riton x Nightcrawlers - Friday (Feat. Mufasa & Hypeman) [Dopamine Re-Edit] [Extended] [0rBziUcxQZo].mp3,/Users/josephdaher/Git Repositories/ytdlp/energycurvedataset/Riton x Nightcrawlers - Friday (Feat. Mufasa & Hypeman) [Dopamine Re-Edit] [Extended] [0rBziUcxQZo].mp3,,,,Future House,,5.5
178,Yeah!,"Usher, Lil Jon, Ludacris","Usher feat. Lil Jon, Ludacris - Yeah! (Audio) [Ifu6TZnytlU].mp3","/Users/josephdaher/Git Repositories/ytdlp/energycurvedataset/Usher feat. Lil Jon, Ludacris - Yeah! (Audio) [Ifu6TZnytlU].mp3",,,,R&B,,5.5
72,Heads Will Roll (A-Trak Remix),Yeah Yeah Yeahs,Heads Will Roll (A-Trak Remix) [XEA6-RlhSb4].mp3,/Users/josephdaher/Git Repositories/ytdlp/energycurvedataset/Heads Will Roll (A-Trak Remix) [XEA6-RlhSb4].mp3,,,,Future House,,6
13,212 ft. Lazy Jay,Azealia Banks,Azealia Banks - 212 (Official Audio) ft. Lazy Jay [bC6gTNKl-ak].mp3,/Users/josephdaher/Git Repositories/ytdlp/energycurvedataset/Azealia Banks - 212 (Official Audio) ft. Lazy Jay [bC6gTNKl-ak].mp3,,,,Rap,,6
15,B2b,Charli xcx,B2b [4ZPT8LjWSnY].mp3,/Users/josephdaher/Git Repositories/ytdlp/energycurvedataset/B2b [4ZPT8LjWSnY].mp3,,,,Synthpop,,6
16,Bad Romance,Lady Gaga,Bad Romance [52QarK_LoHE].mp3,/Users/josephdaher/Git Repositories/ytdlp/energycurvedataset/Bad Romance [52QarK_LoHE].mp3,,,,Synthpop,,6
21,CHROMA 001 HELIUM,BICEP,BICEP ｜ CHROMA 001 HELIUM (Official Audio) [1fw4xz-Nd5A].mp3,/Users/josephdaher/Git Repositories/ytdlp/energycurvedataset/BICEP ｜ CHROMA 001 HELIUM (Official Audio) [1fw4xz-Nd5A].mp3,,,,Breaks / Breakbeat / UK Bass,,6
23,Black Skinhead,Kanye West,Black Skinhead [LXeQ6bmV7oU].mp3,/Users/josephdaher/Git Repositories/ytdlp/energycurvedataset/Black Skinhead [LXeQ6bmV7oU].mp3,,,,Rap,,6
30,Can't Stop Playing (Makes Me High) [feat. Ane Brun] [Oliver Heldens & Gregor Salto Vocal Mix Extended],"Dr. Kucho!, Gregor Salto, Ane Brun",Can't Stop Playing (Makes Me High) [feat. Ane Brun] [Oliver Heldens & Gregor Salto Vocal Mix... [gZU9boCSldA].mp3,/Users/josephdaher/Git Repositories/ytdlp/energycurvedataset/Can't Stop Playing (Makes Me High) [feat. Ane Brun] [Oliver Heldens & Gregor Salto Vocal Mix... [gZU9boCSldA].mp3,,,,Future House,,6
42,Sweet Nothing (2025 Edit) [Extended Mix] ft. Florence Welch,"D.O.D, Calvin Harris , Florence Welch",D.O.D & Calvin Harris - Sweet Nothing (2025 Edit) [Extended Mix] ft. Florence Welch [0peN61LMNls].mp3,/Users/josephdaher/Git Repositories/ytdlp/energycurvedataset/D.O.D & Calvin Harris - Sweet Nothing (2025 Edit) [Extended Mix] ft. Florence Welch [0peN61LMNls].mp3,,,,House,,6
80,PassiveX,mau5trap,i_o - PassiveX [ccXr1zTIc6Y].mp3,/Users/josephdaher/Git Repositories/ytdlp/energycurvedataset/i_o - PassiveX [ccXr1zTIc6Y].mp3,,,,Techno,,5.5
96,Walk The Plank,Lane 8,Lane 8 - Walk The Plank [cJKlA5jdwf0].mp3,/Users/josephdaher/Git Repositories/ytdlp/energycurvedataset/Lane 8 - Walk The Plank [cJKlA5jdwf0].mp3,,,,Progressive House,,6
99,Levels (Original Version),Avicii,Levels (Original Version) [wDuoOapZ9Z0].mp3,/Users/josephdaher/Git Repositories/ytdlp/energycurvedataset/Levels (Original Version) [wDuoOapZ9Z0].mp3,,,,Electro House,,6
100,Like A G6,"Far East Movement, The Cataracs, DEV",Like A G6 [DWRJC8ap9B4].mp3,/Users/josephdaher/Git Repositories/ytdlp/energycurvedataset/Like A G6 [DWRJC8ap9B4].mp3,,,,Dance Pop,,6
102,Tennis Court (Flume Remix),"Flume, Lorde",Lorde - Tennis Court (Flume Remix) [8ATu1BiOPZA].mp3,/Users/josephdaher/Git Repositories/ytdlp/energycurvedataset/Lorde - Tennis Court (Flume Remix) [8ATu1BiOPZA].mp3,,,,Electronic,,6
133,S&M,Rihanna,Rihanna - S&M (Audio) [Ce2_k0LaE7E].mp3,/Users/josephdaher/Git Repositories/ytdlp/energycurvedataset/Rihanna - S&M (Audio) [Ce2_k0LaE7E].mp3,,,,Dance Pop,,6
148,Rumble,"Skrillex, Fred again.., Flowdan","Skrillex, Fred again.. & Flowdan - Rumble [Official Audio] [7z25ZZ3DHds].mp3","/Users/josephdaher/Git Repositories/ytdlp/energycurvedataset/Skrillex, Fred again.. & Flowdan - Rumble [Official Audio] [7z25ZZ3DHds].mp3",,,,Breaks / Breakbeat / UK Bass,,6
176,Up Down Jumper,Boris Brejcha,Up Down Jumper - Boris Brejcha (Original) [BNe7OrleTlg].mp3,/Users/josephdaher/Git Repositories/ytdlp/energycurvedataset/Up Down Jumper - Boris Brejcha (Original) [BNe7OrleTlg].mp3,,,,Techno,,6
177,DJ Got Us Fallin' In Love,"Usher, Pitbull",Usher - DJ Got Us Fallin' In Love (Audio) ft. Pitbull [7YoLujv09cw].mp3,/Users/josephdaher/Git Repositories/ytdlp/energycurvedataset/Usher - DJ Got Us Fallin' In Love (Audio) ft. Pitbull [7YoLujv09cw].mp3,,,,Dance Pop,,6
20,Bias (Extended Mix),Gabriel & Dresden,Bias (Extended Mix) [fTdAa0kKYVc].mp3,/Users/josephdaher/Git Repositories/ytdlp/energycurvedataset/Bias (Extended Mix) [fTdAa0kKYVc].mp3,,,,Melodic Techno,,6.5
36,Selected (Original Mix),Charlotte de Witte,Charlotte de Witte - Selected (Original Mix) [KNTXT002] [SnnwwWY4uMU].mp3,/Users/josephdaher/Git Repositories/ytdlp/energycurvedataset/Charlotte de Witte - Selected (Original Mix) [KNTXT002] [SnnwwWY4uMU].mp3,,,,Techno,,6.5
111,Miami 2 Ibiza (Extended Vocal Mix),"Swedish House Mafia, Tinie Tempah",Miami 2 Ibiza (Extended Vocal Mix) [xCuNljfUz_g].mp3,/Users/josephdaher/Git Repositories/ytdlp/energycurvedataset/Miami 2 Ibiza (Extended Vocal Mix) [xCuNljfUz_g].mp3,,,,Electro House,,6.5
155,Summertime Sadness [Lana Del Rey vs. Cedric Gervais],"Lana Del Rey, Cedric Gervais",Summertime Sadness [Lana Del Rey vs. Cedric Gervais] [4YAuhS8EEz4].mp3,/Users/josephdaher/Git Repositories/ytdlp/energycurvedataset/Summertime Sadness [Lana Del Rey vs. Cedric Gervais] [4YAuhS8EEz4].mp3,,,,Electro House,,6.5
157,Greyhound,Swedish House Mafia,Swedish House Mafia - Greyhound [HTRq3_KkuY4].mp3,/Users/josephdaher/Git Repositories/ytdlp/energycurvedataset/Swedish House Mafia - Greyhound [HTRq3_KkuY4].mp3,,,,Electro House,,6.5
183,Where Have You Been (The Calvin Harris Extended Remix),Rihanna,Where Have You Been (The Calvin Harris Extended Remix) [m0oJ3TVAXA0].mp3,/Users/josephdaher/Git Repositories/ytdlp/energycurvedataset/Where Have You Been (The Calvin Harris Extended Remix) [m0oJ3TVAXA0].mp3,,,,Dance Pop,,6.5
46,Delirious (Boneless),"Steve Aoki, Chris Lake, Tujamo, Kid Ink",Delirious (Boneless) [NdDug2R02F8].mp3,/Users/josephdaher/Git Repositories/ytdlp/energycurvedataset/Delirious (Boneless) [NdDug2R02F8].mp3,,,,Dance Pop,,6.5
63,FE!N,"Travis Scott, Playboi Carti",FE!N [P_X6JCMVMQ8].mp3,/Users/josephdaher/Git Repositories/ytdlp/energycurvedataset/FE!N [P_X6JCMVMQ8].mp3,,,,Trap,,6.5
174,Turn On The Lights again.. (feat. Future),"Fred again.., Swedish House Mafia, Future",Turn On The Lights again.. (feat. Future) [RpCtGsuSnMw].mp3,/Users/josephdaher/Git Repositories/ytdlp/energycurvedataset/Turn On The Lights again.. (feat. Future) [RpCtGsuSnMw].mp3,,,,Garage,,6.5
73,Heavy (Extended Mix),"Armin van Buuren, JOA",Heavy (Extended Mix) [6rzZv4FHnhk].mp3,/Users/josephdaher/Git Repositories/ytdlp/energycurvedataset/Heavy (Extended Mix) [6rzZv4FHnhk].mp3,,,,Techno,,6.5
77,Mercury (Original Mix),"HI-LO, Space 92, Reinier Zonneveld",HI-LO x Space 92 - Mercury (Original Mix) [oSBUD45A-Gw].mp3,/Users/josephdaher/Git Repositories/ytdlp/energycurvedataset/HI-LO x Space 92 - Mercury (Original Mix) [oSBUD45A-Gw].mp3,,,,Techno,,6.5
130,Edge,REZZ,REZZ - Edge [2oIAQSUt9mo].mp3,/Users/josephdaher/Git Repositories/ytdlp/energycurvedataset/REZZ - Edge [2oIAQSUt9mo].mp3,,,,Midtempo,,6.5
7,Adagio for Strings,Tiësto,Adagio for Strings [PyD4QQgJ6O4].mp3,/Users/josephdaher/Git Repositories/ytdlp/energycurvedataset/Adagio for Strings [PyD4QQgJ6O4].mp3,,,,Trance,,7
17,Baddadan (Extended Mix),"Chase & Status, Bou, IRAH, Flowdan, Trigga, Takura",Baddadan (Extended Mix) [wJSNHbiXTFI].mp3,/Users/josephdaher/Git Repositories/ytdlp/energycurvedataset/Baddadan (Extended Mix) [wJSNHbiXTFI].mp3,,,,Drum & Bass,,7
49,DJ Turn It Up,Dimension,Dimension - DJ Turn It Up [QwGqIdW_R5o].mp3,/Users/josephdaher/Git Repositories/ytdlp/energycurvedataset/Dimension - DJ Turn It Up [QwGqIdW_R5o].mp3,,,,Drum & Bass,,7
54,Turn Down for What,"DJ Snake, Lil Jon","DJ Snake, Lil Jon - Turn Down for What (Audio) [QFy0hQ3lY-w].mp3","/Users/josephdaher/Git Repositories/ytdlp/energycurvedataset/DJ Snake, Lil Jon - Turn Down for What (Audio) [QFy0hQ3lY-w].mp3",,,,Trap,,7.5
81,Ignite (Laidback Luke Remix),Firebeatz,Ignite (Laidback Luke Remix) [qpRwnoMI5pk].mp3,/Users/josephdaher/Git Repositories/ytdlp/energycurvedataset/Ignite (Laidback Luke Remix) [qpRwnoMI5pk].mp3,,,,Big Room House,,7
141,Satellite (Original Above & Beyond Mix),Above & Beyond,Satellite (Original Above & Beyond Mix) [NqPAOsIEDcI].mp3,/Users/josephdaher/Git Repositories/ytdlp/energycurvedataset/Satellite (Original Above & Beyond Mix) [NqPAOsIEDcI].mp3,,,,Trance,,7
150,Spaceman (Extended Mix),Hardwell,Spaceman (Extended Mix) [bRzkNRbqyuk].mp3,/Users/josephdaher/Git Repositories/ytdlp/energycurvedataset/Spaceman (Extended Mix) [bRzkNRbqyuk].mp3,,,,Big Room House,,7
154,Desire,"Dimension, Sub Focus",Sub Focus & Dimension - Desire [qFI71s_8T1o].mp3,/Users/josephdaher/Git Repositories/ytdlp/energycurvedataset/Sub Focus & Dimension - Desire [qFI71s_8T1o].mp3,,,,Drum & Bass,,7
162,Hey Boy Hey Girl (ARTBAT Remix),"The Chemical Brothers, ARTBAT",The Chemical Brothers - Hey Boy Hey Girl (ARTBAT Remix) (Official Visualiser) [RyP8hGuyknA].mp3,/Users/josephdaher/Git Repositories/ytdlp/energycurvedataset/The Chemical Brothers - Hey Boy Hey Girl (ARTBAT Remix) (Official Visualiser) [RyP8hGuyknA].mp3,,,,Techno,,7
164,The Hills (RL Grime Remix),"The Weeknd, RL Grime",The Weeknd - The Hills (RL Grime Remix) (Official Audio) [fePRoPnEc4Q].mp3,/Users/josephdaher/Git Repositories/ytdlp/energycurvedataset/The Weeknd - The Hills (RL Grime Remix) (Official Audio) [fePRoPnEc4Q].mp3,,,,Trap,,7
179,Violence (REZZ Remix),"Grimes, i_o",Violence (REZZ Remix) [hRxoyXzowsA].mp3,/Users/josephdaher/Git Repositories/ytdlp/energycurvedataset/Violence (REZZ Remix) [hRxoyXzowsA].mp3,,,,Midtempo,,7
3,Low (LUNAX Extended Remix),71 Digits x Flo Rida,71 Digits x Flo Rida - Low (LUNAX Extended Remix) [1BvYVyVjnrw].mp3,/Users/josephdaher/Git Repositories/ytdlp/energycurvedataset/71 Digits x Flo Rida - Low (LUNAX Extended Remix) [1BvYVyVjnrw].mp3,,,,Psytrance,,7.5
35,One Mind (Original Mix),"Charlotte de Witte, Amelie Lens",Charlotte de Witte & Amelie Lens - One Mind (Original Mix) [7SVATk4dqRA].mp3,/Users/josephdaher/Git Repositories/ytdlp/energycurvedataset/Charlotte de Witte & Amelie Lens - One Mind (Original Mix) [7SVATk4dqRA].mp3,,,,Techno,,7.5
61,We Come 1 2.0 (Armin Van Buuren Remix),"Faithless, Armin Van Buuren",Faithless - We Come 1 2.0 - Armin Van Buuren Remix [PTQI1rQ0EcY].mp3,/Users/josephdaher/Git Repositories/ytdlp/energycurvedataset/Faithless - We Come 1 2.0 - Armin Van Buuren Remix [PTQI1rQ0EcY].mp3,,,,Trance,,7.5
41,The Launch (Extended Mix),"Cosmic Gate, Andrew Bayer",Cosmic Gate & Andrew Bayer - The Launch (Extended Mix) [a-61lRi7myo].mp3,/Users/josephdaher/Git Repositories/ytdlp/energycurvedataset/Cosmic Gate & Andrew Bayer - The Launch (Extended Mix) [a-61lRi7myo].mp3,,,,Big Room House,,7.5
87,Where You Are (GRiZ Remix),"John Summit, Hayla, GRiZ",John Summit & Hayla - Where You Are (GRiZ Remix) [NtAXmUa6HVo].mp3,/Users/josephdaher/Git Repositories/ytdlp/energycurvedataset/John Summit & Hayla - Where You Are (GRiZ Remix) [NtAXmUa6HVo].mp3,,,,Melodic Dubstep,,7.5
88,Hot Drum,JOYRYDE,JOYRYDE - Hot Drum [5LBOjDLJbUg].mp3,/Users/josephdaher/Git Repositories/ytdlp/energycurvedataset/JOYRYDE - Hot Drum [5LBOjDLJbUg].mp3,,,,Bass House,,7.5
127,Pursuit,Gesaffelstein,Pursuit [1ExdigjJmaA].mp3,/Users/josephdaher/Git Repositories/ytdlp/energycurvedataset/Pursuit [1ExdigjJmaA].mp3,,,,Electronic,,7.5
173,Tsunami,"DVBBS, Borgeous",Tsunami [ncq4eiFG9C0].mp3,/Users/josephdaher/Git Repositories/ytdlp/energycurvedataset/Tsunami [ncq4eiFG9C0].mp3,,,,Big Room House,,7.5
175,U Don't Know (Slander Remix),"Alison Wonderland, Wayne Coyne",U Don't Know (Slander Remix) [XbvECr9AUZ4].mp3,/Users/josephdaher/Git Repositories/ytdlp/energycurvedataset/U Don't Know (Slander Remix) [XbvECr9AUZ4].mp3,,,,Trap,,7.5
146,Showtek ft. We Are Loud & Sonny Wilson - Booyah (Original Mix),Spinnin' Records,Showtek ft. We Are Loud & Sonny Wilson - Booyah (Original Mix) [BXgMykZWaWE].mp3,/Users/josephdaher/Git Repositories/ytdlp/energycurvedataset/Showtek ft. We Are Loud & Sonny Wilson - Booyah (Original Mix) [BXgMykZWaWE].mp3,,,,Pop,,7.5
170,Toter Schmetterling,Klangkuenstler feat. Sant,Toter Schmetterling [Rg2fwxAyadE].mp3,/Users/josephdaher/Git Repositories/ytdlp/energycurvedataset/Toter Schmetterling [Rg2fwxAyadE].mp3,,,,Hard Techno,,7.5
189,DJ Turn It Up,Yellow Claw,Yellow Claw - DJ Turn It Up [Official Full Stream] [rX4g0sxDCEw].mp3,/Users/josephdaher/Git Repositories/ytdlp/energycurvedataset/Yellow Claw - DJ Turn It Up [Official Full Stream] [rX4g0sxDCEw].mp3,,,,Trap,,7.5
161,Don't Let Me Down (W&W Remix) ft. Daya,"The Chainsmokers, W&W, Daya",The Chainsmokers - Don't Let Me Down (W&W Remix Audio) ft. Daya [gruyw8y0KJs].mp3,/Users/josephdaher/Git Repositories/ytdlp/energycurvedataset/The Chainsmokers - Don't Let Me Down (W&W Remix Audio) ft. Daya [gruyw8y0KJs].mp3,,,,Trap,,7.5
169,Lethal Industry (Maddix Remix),Maddix,Tiësto - Lethal Industry (Maddix Remix) [v_rSDizM-RU].mp3,/Users/josephdaher/Git Repositories/ytdlp/energycurvedataset/Tiësto - Lethal Industry (Maddix Remix) [v_rSDizM-RU].mp3,,,,Techno,,7.5
50,Offender,Dimension,Dimension - Offender [riauJmRJnG0].mp3,/Users/josephdaher/Git Repositories/ytdlp/energycurvedataset/Dimension - Offender [riauJmRJnG0].mp3,,,,Drum & Bass,,8
6,Adagio For Strings,"Brennan Heart, HI-LO, Project Zeitgeist",Adagio For Strings [51BXn4NG-XQ].mp3,/Users/josephdaher/Git Repositories/ytdlp/energycurvedataset/Adagio For Strings [51BXn4NG-XQ].mp3,,,,Techno,,8
10,Apex (John Askew Remix),"Simon Patterson, John Askew",Apex (John Askew Remix) [btX3wCAV6SA].mp3,/Users/josephdaher/Git Repositories/ytdlp/energycurvedataset/Apex (John Askew Remix) [btX3wCAV6SA].mp3,,,,Psytrance,,8
18,Balearic Mornings (Rave Mix),"Reinier Zonneveld, HI-LO",Balearic Mornings (Rave Mix) [Z-RVbqoAEJ4].mp3,/Users/josephdaher/Git Repositories/ytdlp/energycurvedataset/Balearic Mornings (Rave Mix) [Z-RVbqoAEJ4].mp3,,,,Techno,,8
33,Centipede,Knife Party,Centipede [FnSksligs4I].mp3,/Users/josephdaher/Git Repositories/ytdlp/energycurvedataset/Centipede [FnSksligs4I].mp3,,,,Dubstep,,8
47,DIE LIEBE KOMMT NICHT AUS BERLIN,Brutalismus 3000,DIE LIEBE KOMMT NICHT AUS BERLIN [UwnKxwk2bdk].mp3,/Users/josephdaher/Git Repositories/ytdlp/energycurvedataset/DIE LIEBE KOMMT NICHT AUS BERLIN [UwnKxwk2bdk].mp3,,,,Hard Techno,,8
71,Great Spirit,"Armin van Buuren, Vini Vici, Hilight Tribe",Great Spirit [7C1htv0HNro].mp3,/Users/josephdaher/Git Repositories/ytdlp/energycurvedataset/Great Spirit [7C1htv0HNro].mp3,,,,Psytrance,,8
74,MHITR (Semi Automatic) [ft. Eksman],"Hedex, Eksman",Hedex - MHITR (Semi Automatic) [ft. Eksman] [mbWOIqlrqFU].mp3,/Users/josephdaher/Git Repositories/ytdlp/energycurvedataset/Hedex - MHITR (Semi Automatic) [ft. Eksman] [mbWOIqlrqFU].mp3,,,,Drum & Bass,,8
76,Heute Nacht (Extended Mix),Maddix,Heute Nacht (Extended Mix) [lRyDLDdBa-c].mp3,/Users/josephdaher/Git Repositories/ytdlp/energycurvedataset/Heute Nacht (Extended Mix) [lRyDLDdBa-c].mp3,,,,Techno,,8
91,"Keine Liebe, Kein Rave","Reinier Zonneveld, Kiki Solvej","Keine Liebe, Kein Rave [uw0ZhQTChhk].mp3","/Users/josephdaher/Git Repositories/ytdlp/energycurvedataset/Keine Liebe, Kein Rave [uw0ZhQTChhk].mp3",,,,Techno,,8
93,One Chance feat. Marlhy,"Knock2, NGHTMRE, Marlhy",Knock2 & NGHTMRE - One Chance feat. Marlhy  (Official Audio) (Visualizer) [SpwppDwCyjM].mp3,/Users/josephdaher/Git Repositories/ytdlp/energycurvedataset/Knock2 & NGHTMRE - One Chance feat. Marlhy  (Official Audio) (Visualizer) [SpwppDwCyjM].mp3,,,,Bass House,,8
94,dashstar*,Knock2,Knock2 - dashstar＊ [dJzpKL3HmPw].mp3,/Users/josephdaher/Git Repositories/ytdlp/energycurvedataset/Knock2 - dashstar＊ [dJzpKL3HmPw].mp3,,,,Bass House,,8
147,Scary Monsters And Nice Sprites,Skrillex,Skrillex - Scary Monsters And Nice Sprites (Official Audio) [WSeNSzJ2-Jw].mp3,/Users/josephdaher/Git Repositories/ytdlp/energycurvedataset/Skrillex - Scary Monsters And Nice Sprites (Official Audio) [WSeNSzJ2-Jw].mp3,,,,Dubstep,,8
156,The People (D&B Mix) [Official Audio],RL Grime,SV008： 1991 - The People (D&B Mix) [Official Audio] [52fc2l9ZTM4].mp3,/Users/josephdaher/Git Repositories/ytdlp/energycurvedataset/SV008： 1991 - The People (D&B Mix) [Official Audio] [52fc2l9ZTM4].mp3,,,,Drum & Bass,,8
83,SMACK TALK,"ISOxo, Knock2, RL Grime, ISOKNOCK","ISOxo, Knock2, RL Grime, ISOKNOCK - SMACK TALK (Official Visualizer) [MlIrkJnQOz8].mp3","/Users/josephdaher/Git Repositories/ytdlp/energycurvedataset/ISOxo, Knock2, RL Grime, ISOKNOCK - SMACK TALK (Official Visualizer) [MlIrkJnQOz8].mp3",,,,Trap,,8.5
85,Gassed Up,"JAUZ, DJ Snake",Jauz & DJ Snake - Gassed Up [8wh0sZFZNoI].mp3,/Users/josephdaher/Git Repositories/ytdlp/energycurvedataset/Jauz & DJ Snake - Gassed Up [8wh0sZFZNoI].mp3,,,,Bass House,,8.5
92,Internet Friends,Knife Party,Knife Party - 'Internet Friends' [luJJBeCFeM0].mp3,/Users/josephdaher/Git Repositories/ytdlp/energycurvedataset/Knife Party - 'Internet Friends' [luJJBeCFeM0].mp3,,,,Dubstep,,8.5
191,33rd Blakk Glass,"ZillaKami, SosMula",ZillaKami x SosMula - 33rd Blakk Glass (AUDIO) [FkP3PmrNcJY].mp3,/Users/josephdaher/Git Repositories/ytdlp/energycurvedataset/ZillaKami x SosMula - 33rd Blakk Glass (AUDIO) [FkP3PmrNcJY].mp3,,,,Rap,,8.5
131,H E X,"REZZ, 1788-L",REZZ x 1788-L - H E X [1LH3HkxQxNM].mp3,/Users/josephdaher/Git Repositories/ytdlp/energycurvedataset/REZZ x 1788-L - H E X [1LH3HkxQxNM].mp3,,,,Midtempo,,8.5
138,Rocket Fuel VIP,Trampa,Rocket Fuel VIP [nl0KNIiJtug].mp3,/Users/josephdaher/Git Repositories/ytdlp/energycurvedataset/Rocket Fuel VIP [nl0KNIiJtug].mp3,,,,Dubstep,,8.5
143,Scream Saver,Subtronics,Scream Saver [SUraMSU-N2I].mp3,/Users/josephdaher/Git Repositories/ytdlp/energycurvedataset/Scream Saver [SUraMSU-N2I].mp3,,,,Dubstep,,8.5
180,Behemoth,SVDDEN DEATH,VOYD - Behemoth [O7XEmITu6ro].mp3,/Users/josephdaher/Git Repositories/ytdlp/energycurvedataset/VOYD - Behemoth [O7XEmITu6ro].mp3,,,,Dubstep,,8.5
2,4 BY 4 BEATS (I Don't Care),Coone,4 BY 4 BEATS (I Don't Care) [Dbdqj5-FfPk].mp3,/Users/josephdaher/Git Repositories/ytdlp/energycurvedataset/4 BY 4 BEATS (I Don't Care) [Dbdqj5-FfPk].mp3,,,,Hardstyle,,9
9,Pennywise,Angerfist,Angerfist - Pennywise [VT_CWbsg9j0].mp3,/Users/josephdaher/Git Repositories/ytdlp/energycurvedataset/Angerfist - Pennywise [VT_CWbsg9j0].mp3,,,,Hardstyle,,9
22,Black Mirror Society,Phuture Noize,Black Mirror Society [1ij6T0NWEtE].mp3,/Users/josephdaher/Git Repositories/ytdlp/energycurvedataset/Black Mirror Society [1ij6T0NWEtE].mp3,,,,Hardstyle,,9
48,Die Young,Lil Texas,Die Young [yinnhJGUIjM].mp3,/Users/josephdaher/Git Repositories/ytdlp/energycurvedataset/Die Young [yinnhJGUIjM].mp3,,,,Hardstyle,,9
60,Everytime We Touch (Sound Rush Extended Remix),Cascada,Everytime We Touch (Sound Rush Extended Remix) [_2KLAvH8u0E].mp3,/Users/josephdaher/Git Repositories/ytdlp/energycurvedataset/Everytime We Touch (Sound Rush Extended Remix) [_2KLAvH8u0E].mp3,,,,Hardstyle,,9
66,Forthenite,D-Block & S-te-Fan,Forthenite [W_2YTjA8cR4].mp3,/Users/josephdaher/Git Repositories/ytdlp/energycurvedataset/Forthenite [W_2YTjA8cR4].mp3,,,,Hardstyle,,9
68,Get It Crackin (Sefa Remix),Re-Style,Get It Crackin (Sefa Remix) [FNDwfrQFeEA].mp3,/Users/josephdaher/Git Repositories/ytdlp/energycurvedataset/Get It Crackin (Sefa Remix) [FNDwfrQFeEA].mp3,,,,Hardstyle,,9
109,BLUNDER,MARAUDA,MARAUDA - BLUNDER (Official Video) [vMXrW_d4ch8].mp3,/Users/josephdaher/Git Repositories/ytdlp/energycurvedataset/MARAUDA - BLUNDER (Official Video) [vMXrW_d4ch8].mp3,,,,Dubstep,,9
129,Laserbeam,Ray Volpe,Ray Volpe - Laserbeam [Ytz7qSH9QPI].mp3,/Users/josephdaher/Git Repositories/ytdlp/energycurvedataset/Ray Volpe - Laserbeam [Ytz7qSH9QPI].mp3,,,,Dubstep,,9