track_number,mp3_name,title,artists,cue_name,cue_role,cue_index,start_seconds,end_seconds,source,rekordbox_type,rekordbox_num,rekordbox_location
1,Biosphere - Poa Alpina (Allternative Version) [Audio].mp3,Poa Alpina,Biosphere,START,start,,0.038,,rekordbox,beatgrid,,file://localhost/Users/josephdaher/Git%20Repositories/djprojectexploration/music/ara-mix/Biosphere%20-%20Poa%20Alpina%20(Allternative%20Version)%20%5bAudio%5d.mp3
1,Biosphere - Poa Alpina (Allternative Version) [Audio].mp3,Poa Alpina,Biosphere,IN 1,in,1,3.73,,rekordbox,0,1,file://localhost/Users/josephdaher/Git%20Repositories/djprojectexploration/music/ara-mix/Biosphere%20-%20Poa%20Alpina%20(Allternative%20Version)%20%5bAudio%5d.mp3
1,Biosphere - Poa Alpina (Allternative Version) [Audio].mp3,Poa Alpina,Biosphere,IN 2,in,2,84.961,,rekordbox,0,2,file://localhost/Users/josephdaher/Git%20Repositories/djprojectexploration/music/ara-mix/Biosphere%20-%20Poa%20Alpina%20(Allternative%20Version)%20%5bAudio%5d.mp3
1,Biosphere - Poa Alpina (Allternative Version) [Audio].mp3,Poa Alpina,Biosphere,OUT 1,out,1,225.269,,rekordbox,0,3,file://localhost/Users/josephdaher/Git%20Repositories/djprojectexploration/music/ara-mix/Biosphere%20-%20Poa%20Alpina%20(Allternative%20Version)%20%5bAudio%5d.mp3
2,Water Slide.mp3,Water Slide,Foot,START,start,,0.044,,rekordbox,beatgrid,,file://localhost/Users/josephdaher/Git%20Repositories/djprojectexploration/music/ara-mix/Water%20Slide.mp3
2,Water Slide.mp3,Water Slide,Foot,START,start,,0.044,,rekordbox,0,0,file://localhost/Users/josephdaher/Git%20Repositories/djprojectexploration/music/ara-mix/Water%20Slide.mp3
2,Water Slide.mp3,Water Slide,Foot,IN 1,in,1,60.044,,rekordbox,0,2,file://localhost/Users/josephdaher/Git%20Repositories/djprojectexploration/music/ara-mix/Water%20Slide.mp3
2,Water Slide.mp3,Water Slide,Foot,IN 2,in,2,90.044,,rekordbox,0,3,file://localhost/Users/josephdaher/Git%20Repositories/djprojectexploration/music/ara-mix/Water%20Slide.mp3
2,Water Slide.mp3,Water Slide,Foot,DROP 1,drop,1,120.044,,rekordbox,0,4,file://localhost/Users/josephdaher/Git%20Repositories/djprojectexploration/music/ara-mix/Water%20Slide.mp3
2,Water Slide.mp3,Water Slide,Foot,DROP 2,drop,2,240.044,,rekordbox,0,5,file://localhost/Users/josephdaher/Git%20Repositories/djprojectexploration/music/ara-mix/Water%20Slide.mp3
2,Water Slide.mp3,Water Slide,Foot,OUT 1,out,1,405.044,,rekordbox,0,6,file://localhost/Users/josephdaher/Git%20Repositories/djprojectexploration/music/ara-mix/Water%20Slide.mp3
2,Water Slide.mp3,Water Slide,Foot,OUT 2,out,2,435.044,,rekordbox,0,7,file://localhost/Users/josephdaher/Git%20Repositories/djprojectexploration/music/ara-mix/Water%20Slide.mp3
3,Selene (Extended Mix).mp3,Selene,Karmarin,START,start,,0.03,,rekordbox,beatgrid,,file://localhost/Users/josephdaher/Git%20Repositories/djprojectexploration/music/ara-mix/Selene%20(Extended%20Mix).mp3
3,Selene (Extended Mix).mp3,Selene,Karmarin,START,start,,0.03,,rekordbox,0,0,file://localhost/Users/josephdaher/Git%20Repositories/djprojectexploration/music/ara-mix/Selene%20(Extended%20Mix).mp3
3,Selene (Extended Mix).mp3,Selene,Karmarin,IN 1,in,1,30.749,,rekordbox,0,1,file://localhost/Users/josephdaher/Git%20Repositories/djprojectexploration/music/ara-mix/Selene%20(Extended%20Mix).mp3
3,Selene (Extended Mix).mp3,Selene,Karmarin,IN 2,in,2,61.469,,rekordbox,0,2,file://localhost/Users/josephdaher/Git%20Repositories/djprojectexploration/music/ara-mix/Selene%20(Extended%20Mix).mp3
3,Selene (Extended Mix).mp3,Selene,Karmarin,DROP 1,drop,1,153.628,,rekordbox,0,3,file://localhost/Users/josephdaher/Git%20Repositories/djprojectexploration/music/ara-mix/Selene%20(Extended%20Mix).mp3
3,Selene (Extended Mix).mp3,Selene,Karmarin,DROP 2,drop,2,276.506,,rekordbox,0,4,file://localhost/Users/josephdaher/Git%20Repositories/djprojectexploration/music/ara-mix/Selene%20(Extended%20Mix).mp3
3,Selene (Extended Mix).mp3,Selene,Karmarin,OUT 1,out,1,337.946,,rekordbox,0,5,file://localhost/Users/josephdaher/Git%20Repositories/djprojectexploration/music/ara-mix/Selene%20(Extended%20Mix).mp3
3,Selene (Extended Mix).mp3,Selene,Karmarin,OUT 2,out,2,384.025,,rekordbox,0,7,file://localhost/Users/josephdaher/Git%20Repositories/djprojectexploration/music/ara-mix/Selene%20(Extended%20Mix).mp3
4,Tundra.mp3,Tundra,Peer Kusiv,START,start,,0.085,,rekordbox,beatgrid,,file://localhost/Users/josephdaher/Git%20Repositories/djprojectexploration/music/ara-mix/Tundra.mp3
4,Tundra.mp3,Tundra,Peer Kusiv,START,start,,0.085,,rekordbox,0,0,file://localhost/Users/josephdaher/Git%20Repositories/djprojectexploration/music/ara-mix/Tundra.mp3
4,Tundra.mp3,Tundra,Peer Kusiv,IN 1,in,1,15.823,,rekordbox,0,1,file://localhost/Users/josephdaher/Git%20Repositories/djprojectexploration/music/ara-mix/Tundra.mp3
4,Tundra.mp3,Tundra,Peer Kusiv,IN 2,in,2,47.298,,rekordbox,0,2,file://localhost/Users/josephdaher/Git%20Repositories/djprojectexploration/music/ara-mix/Tundra.mp3
4,Tundra.mp3,Tundra,Peer Kusiv,DROP 1,drop,1,157.462,,rekordbox,0,3,file://localhost/Users/josephdaher/Git%20Repositories/djprojectexploration/music/ara-mix/Tundra.mp3
4,Tundra.mp3,Tundra,Peer Kusiv,DROP 2,drop,2,283.364,,rekordbox,0,4,file://localhost/Users/josephdaher/Git%20Repositories/djprojectexploration/music/ara-mix/Tundra.mp3
4,Tundra.mp3,Tundra,Peer Kusiv,OUT 1,out,1,314.839,,rekordbox,0,5,file://localhost/Users/josephdaher/Git%20Repositories/djprojectexploration/music/ara-mix/Tundra.mp3
4,Tundra.mp3,Tundra,Peer Kusiv,OUT 2,out,2,346.315,,rekordbox,0,6,file://localhost/Users/josephdaher/Git%20Repositories/djprojectexploration/music/ara-mix/Tundra.mp3
5,Dee Montero feat. Meliha - Headspace.mp3,Headspace,"Dee Montero, Meliha",START,start,,0.212,,rekordbox,beatgrid,,file://localhost/Users/josephdaher/Git%20Repositories/djprojectexploration/music/ara-mix/Dee%20Montero%20feat.%20Meliha%20-%20Headspace.mp3
5,Dee Montero feat. Meliha - Headspace.mp3,Headspace,"Dee Montero, Meliha",START,start,,0.212,,rekordbox,0,0,file://localhost/Users/josephdaher/Git%20Repositories/djprojectexploration/music/ara-mix/Dee%20Montero%20feat.%20Meliha%20-%20Headspace.mp3
5,Dee Montero feat. Meliha - Headspace.mp3,Headspace,"Dee Montero, Meliha",IN 1,in,1,31.947,,rekordbox,0,1,file://localhost/Users/josephdaher/Git%20Repositories/djprojectexploration/music/ara-mix/Dee%20Montero%20feat.%20Meliha%20-%20Headspace.mp3
5,Dee Montero feat. Meliha - Headspace.mp3,Headspace,"Dee Montero, Meliha",IN 2,in,2,63.683,,rekordbox,0,2,file://localhost/Users/josephdaher/Git%20Repositories/djprojectexploration/music/ara-mix/Dee%20Montero%20feat.%20Meliha%20-%20Headspace.mp3
5,Dee Montero feat. Meliha - Headspace.mp3,Headspace,"Dee Montero, Meliha",CHORUS 1,chorus,1,158.89,,rekordbox,0,3,file://localhost/Users/josephdaher/Git%20Repositories/djprojectexploration/music/ara-mix/Dee%20Montero%20feat.%20Meliha%20-%20Headspace.mp3
5,Dee Montero feat. Meliha - Headspace.mp3,Headspace,"Dee Montero, Meliha",CHORUS 2,chorus,2,269.965,,rekordbox,0,4,file://localhost/Users/josephdaher/Git%20Repositories/djprojectexploration/music/ara-mix/Dee%20Montero%20feat.%20Meliha%20-%20Headspace.mp3
5,Dee Montero feat. Meliha - Headspace.mp3,Headspace,"Dee Montero, Meliha",OUT 1,out,1,365.172,,rekordbox,0,5,file://localhost/Users/josephdaher/Git%20Repositories/djprojectexploration/music/ara-mix/Dee%20Montero%20feat.%20Meliha%20-%20Headspace.mp3
5,Dee Montero feat. Meliha - Headspace.mp3,Headspace,"Dee Montero, Meliha",OUT 2,out,2,396.908,,rekordbox,0,6,file://localhost/Users/josephdaher/Git%20Repositories/djprojectexploration/music/ara-mix/Dee%20Montero%20feat.%20Meliha%20-%20Headspace.mp3
5,Dee Montero feat. Meliha - Headspace.mp3,Headspace,"Dee Montero, Meliha",OUT 3,out,3,428.644,,rekordbox,0,7,file://localhost/Users/josephdaher/Git%20Repositories/djprojectexploration/music/ara-mix/Dee%20Montero%20feat.%20Meliha%20-%20Headspace.mp3
6,TERRITORY.mp3,TERRITORY,THE BLAZE,START,start,,0.069,,rekordbox,beatgrid,,file://localhost/Users/josephdaher/Git%20Repositories/djprojectexploration/music/ara-mix/TERRITORY.mp3
6,TERRITORY.mp3,TERRITORY,THE BLAZE,START,start,,16.069,,rekordbox,0,0,file://localhost/Users/josephdaher/Git%20Repositories/djprojectexploration/music/ara-mix/TERRITORY.mp3
6,TERRITORY.mp3,TERRITORY,THE BLAZE,IN 1,in,1,32.069,,rekordbox,0,1,file://localhost/Users/josephdaher/Git%20Repositories/djprojectexploration/music/ara-mix/TERRITORY.mp3
6,TERRITORY.mp3,TERRITORY,THE BLAZE,DROP 1,drop,1,80.069,,rekordbox,0,2,file://localhost/Users/josephdaher/Git%20Repositories/djprojectexploration/music/ara-mix/TERRITORY.mp3
6,TERRITORY.mp3,TERRITORY,THE BLAZE,CHORUS 1,chorus,1,128.069,,rekordbox,0,3,file://localhost/Users/josephdaher/Git%20Repositories/djprojectexploration/music/ara-mix/TERRITORY.mp3
6,TERRITORY.mp3,TERRITORY,THE BLAZE,CUE 4,cue,4,144.069,,rekordbox,0,4,file://localhost/Users/josephdaher/Git%20Repositories/djprojectexploration/music/ara-mix/TERRITORY.mp3
6,TERRITORY.mp3,TERRITORY,THE BLAZE,CHORUS 2,chorus,2,176.069,,rekordbox,0,5,file://localhost/Users/josephdaher/Git%20Repositories/djprojectexploration/music/ara-mix/TERRITORY.mp3
6,TERRITORY.mp3,TERRITORY,THE BLAZE,OUT 1,out,1,192.069,,rekordbox,0,6,file://localhost/Users/josephdaher/Git%20Repositories/djprojectexploration/music/ara-mix/TERRITORY.mp3
6,TERRITORY.mp3,TERRITORY,THE BLAZE,OUT 2,out,2,256.069,,rekordbox,0,7,file://localhost/Users/josephdaher/Git%20Repositories/djprojectexploration/music/ara-mix/TERRITORY.mp3
7,Icicle.mp3,Icicle,"Tim Green, Izhevski",START,start,,0.031,,rekordbox,beatgrid,,file://localhost/Users/josephdaher/Git%20Repositories/djprojectexploration/music/ara-mix/Icicle.mp3
7,Icicle.mp3,Icicle,"Tim Green, Izhevski",START,start,,0.031,,rekordbox,0,0,file://localhost/Users/josephdaher/Git%20Repositories/djprojectexploration/music/ara-mix/Icicle.mp3
7,Icicle.mp3,Icicle,"Tim Green, Izhevski",IN 1,in,1,32.031,,rekordbox,0,1,file://localhost/Users/josephdaher/Git%20Repositories/djprojectexploration/music/ara-mix/Icicle.mp3
7,Icicle.mp3,Icicle,"Tim Green, Izhevski",IN 2,in,2,64.031,,rekordbox,0,2,file://localhost/Users/josephdaher/Git%20Repositories/djprojectexploration/music/ara-mix/Icicle.mp3
7,Icicle.mp3,Icicle,"Tim Green, Izhevski",DROP 1,drop,1,160.031,,rekordbox,0,3,file://localhost/Users/josephdaher/Git%20Repositories/djprojectexploration/music/ara-mix/Icicle.mp3
7,Icicle.mp3,Icicle,"Tim Green, Izhevski",DROP 2,drop,2,304.031,,rekordbox,0,4,file://localhost/Users/josephdaher/Git%20Repositories/djprojectexploration/music/ara-mix/Icicle.mp3
7,Icicle.mp3,Icicle,"Tim Green, Izhevski",OUT 1,out,1,368.031,,rekordbox,0,5,file://localhost/Users/josephdaher/Git%20Repositories/djprojectexploration/music/ara-mix/Icicle.mp3
7,Icicle.mp3,Icicle,"Tim Green, Izhevski",OUT 2,out,2,400.031,,rekordbox,0,6,file://localhost/Users/josephdaher/Git%20Repositories/djprojectexploration/music/ara-mix/Icicle.mp3
8,Sunlight (Jody Wisternoff Remix).mp3,Sunlight (Jody Wisternoff Remix),Lane 8,START,start,,0.239,,rekordbox,beatgrid,,file://localhost/Users/josephdaher/Git%20Repositories/djprojectexploration/music/ara-mix/Sunlight%20(Jody%20Wisternoff%20Remix).mp3
8,Sunlight (Jody Wisternoff Remix).mp3,Sunlight (Jody Wisternoff Remix),Lane 8,START,start,,0.239,,rekordbox,0,0,file://localhost/Users/josephdaher/Git%20Repositories/djprojectexploration/music/ara-mix/Sunlight%20(Jody%20Wisternoff%20Remix).mp3
8,Sunlight (Jody Wisternoff Remix).mp3,Sunlight (Jody Wisternoff Remix),Lane 8,IN 1,in,1,32.237,,rekordbox,0,1,file://localhost/Users/josephdaher/Git%20Repositories/djprojectexploration/music/ara-mix/Sunlight%20(Jody%20Wisternoff%20Remix).mp3
8,Sunlight (Jody Wisternoff Remix).mp3,Sunlight (Jody Wisternoff Remix),Lane 8,IN 2,in,2,64.236,,rekordbox,0,2,file://localhost/Users/josephdaher/Git%20Repositories/djprojectexploration/music/ara-mix/Sunlight%20(Jody%20Wisternoff%20Remix).mp3
8,Sunlight (Jody Wisternoff Remix).mp3,Sunlight (Jody Wisternoff Remix),Lane 8,BREAK 1,break,1,144.232,,rekordbox,0,3,file://localhost/Users/josephdaher/Git%20Repositories/djprojectexploration/music/ara-mix/Sunlight%20(Jody%20Wisternoff%20Remix).mp3
8,Sunlight (Jody Wisternoff Remix).mp3,Sunlight (Jody Wisternoff Remix),Lane 8,CHORUS 1,chorus,1,272.227,,rekordbox,0,4,file://localhost/Users/josephdaher/Git%20Repositories/djprojectexploration/music/ara-mix/Sunlight%20(Jody%20Wisternoff%20Remix).mp3
8,Sunlight (Jody Wisternoff Remix).mp3,Sunlight (Jody Wisternoff Remix),Lane 8,OUT 1,out,1,336.224,,rekordbox,0,5,file://localhost/Users/josephdaher/Git%20Repositories/djprojectexploration/music/ara-mix/Sunlight%20(Jody%20Wisternoff%20Remix).mp3
8,Sunlight (Jody Wisternoff Remix).mp3,Sunlight (Jody Wisternoff Remix),Lane 8,OUT 2,out,2,352.223,,rekordbox,0,6,file://localhost/Users/josephdaher/Git%20Repositories/djprojectexploration/music/ara-mix/Sunlight%20(Jody%20Wisternoff%20Remix).mp3
9,Muse (Extended Mix).mp3,Muse,"Rezident, Kate Morgan",START,start,,0.028,,rekordbox,beatgrid,,file://localhost/Users/josephdaher/Git%20Repositories/djprojectexploration/music/ara-mix/Muse%20(Extended%20Mix).mp3
9,Muse (Extended Mix).mp3,Muse,"Rezident, Kate Morgan",START,start,,2.428,,rekordbox,0,0,file://localhost/Users/josephdaher/Git%20Repositories/djprojectexploration/music/ara-mix/Muse%20(Extended%20Mix).mp3
9,Muse (Extended Mix).mp3,Muse,"Rezident, Kate Morgan",IN 1,in,1,33.148,,rekordbox,0,1,file://localhost/Users/josephdaher/Git%20Repositories/djprojectexploration/music/ara-mix/Muse%20(Extended%20Mix).mp3
9,Muse (Extended Mix).mp3,Muse,"Rezident, Kate Morgan",IN 2,in,2,94.589,,rekordbox,0,2,file://localhost/Users/josephdaher/Git%20Repositories/djprojectexploration/music/ara-mix/Muse%20(Extended%20Mix).mp3
9,Muse (Extended Mix).mp3,Muse,"Rezident, Kate Morgan",BREAK 1,break,1,125.309,,rekordbox,0,3,file://localhost/Users/josephdaher/Git%20Repositories/djprojectexploration/music/ara-mix/Muse%20(Extended%20Mix).mp3
9,Muse (Extended Mix).mp3,Muse,"Rezident, Kate Morgan",CHORUS 1,chorus,1,186.749,,rekordbox,0,4,file://localhost/Users/josephdaher/Git%20Repositories/djprojectexploration/music/ara-mix/Muse%20(Extended%20Mix).mp3
9,Muse (Extended Mix).mp3,Muse,"Rezident, Kate Morgan",OUT 1,out,1,278.909,,rekordbox,0,5,file://localhost/Users/josephdaher/Git%20Repositories/djprojectexploration/music/ara-mix/Muse%20(Extended%20Mix).mp3
9,Muse (Extended Mix).mp3,Muse,"Rezident, Kate Morgan",OUT 2,out,2,309.629,,rekordbox,0,6,file://localhost/Users/josephdaher/Git%20Repositories/djprojectexploration/music/ara-mix/Muse%20(Extended%20Mix).mp3
10,My Friend - Wavy Jane.mp3,Wavy Jane,My Friend,START,start,,0.037,,rekordbox,beatgrid,,file://localhost/Users/josephdaher/Git%20Repositories/djprojectexploration/music/ara-mix/My%20Friend%20-%20Wavy%20Jane.mp3
10,My Friend - Wavy Jane.mp3,Wavy Jane,My Friend,START,start,,0.037,,rekordbox,0,0,file://localhost/Users/josephdaher/Git%20Repositories/djprojectexploration/music/ara-mix/My%20Friend%20-%20Wavy%20Jane.mp3
10,My Friend - Wavy Jane.mp3,Wavy Jane,My Friend,IN 1,in,1,30.513,,rekordbox,0,1,file://localhost/Users/josephdaher/Git%20Repositories/djprojectexploration/music/ara-mix/My%20Friend%20-%20Wavy%20Jane.mp3
10,My Friend - Wavy Jane.mp3,Wavy Jane,My Friend,IN 2,in,2,60.99,,rekordbox,0,2,file://localhost/Users/josephdaher/Git%20Repositories/djprojectexploration/music/ara-mix/My%20Friend%20-%20Wavy%20Jane.mp3
10,My Friend - Wavy Jane.mp3,Wavy Jane,My Friend,BREAK 1,break,1,144.8,,rekordbox,0,3,file://localhost/Users/josephdaher/Git%20Repositories/djprojectexploration/music/ara-mix/My%20Friend%20-%20Wavy%20Jane.mp3
10,My Friend - Wavy Jane.mp3,Wavy Jane,My Friend,DROP 1,drop,1,190.514,,rekordbox,0,4,file://localhost/Users/josephdaher/Git%20Repositories/djprojectexploration/music/ara-mix/My%20Friend%20-%20Wavy%20Jane.mp3
10,My Friend - Wavy Jane.mp3,Wavy Jane,My Friend,OUT 1,out,1,236.229,,rekordbox,0,5,file://localhost/Users/josephdaher/Git%20Repositories/djprojectexploration/music/ara-mix/My%20Friend%20-%20Wavy%20Jane.mp3
10,My Friend - Wavy Jane.mp3,Wavy Jane,My Friend,OUT 2,out,2,266.705,,rekordbox,0,7,file://localhost/Users/josephdaher/Git%20Repositories/djprojectexploration/music/ara-mix/My%20Friend%20-%20Wavy%20Jane.mp3
11,Needs To Feel (Wippenberg Remix).mp3,Needs to Feel (Wippenberg Remix),Super8 & Tab,START,start,,0.356,,rekordbox,beatgrid,,file://localhost/Users/josephdaher/Git%20Repositories/djprojectexploration/music/ara-mix/Needs%20To%20Feel%20(Wippenberg%20Remix).mp3
11,Needs To Feel (Wippenberg Remix).mp3,Needs to Feel (Wippenberg Remix),Super8 & Tab,START,start,,0.356,,rekordbox,0,0,file://localhost/Users/josephdaher/Git%20Repositories/djprojectexploration/music/ara-mix/Needs%20To%20Feel%20(Wippenberg%20Remix).mp3
11,Needs To Feel (Wippenberg Remix).mp3,Needs to Feel (Wippenberg Remix),Super8 & Tab,IN 1,in,1,30.356,,rekordbox,0,1,file://localhost/Users/josephdaher/Git%20Repositories/djprojectexploration/music/ara-mix/Needs%20To%20Feel%20(Wippenberg%20Remix).mp3
11,Needs To Feel (Wippenberg Remix).mp3,Needs to Feel (Wippenberg Remix),Super8 & Tab,IN 2,in,2,60.356,,rekordbox,0,2,file://localhost/Users/josephdaher/Git%20Repositories/djprojectexploration/music/ara-mix/Needs%20To%20Feel%20(Wippenberg%20Remix).mp3
11,Needs To Feel (Wippenberg Remix).mp3,Needs to Feel (Wippenberg Remix),Super8 & Tab,BREAK 1,break,1,120.356,,rekordbox,0,3,file://localhost/Users/josephdaher/Git%20Repositories/djprojectexploration/music/ara-mix/Needs%20To%20Feel%20(Wippenberg%20Remix).mp3
11,Needs To Feel (Wippenberg Remix).mp3,Needs to Feel (Wippenberg Remix),Super8 & Tab,DROP 1,drop,1,180.356,,rekordbox,0,4,file://localhost/Users/josephdaher/Git%20Repositories/djprojectexploration/music/ara-mix/Needs%20To%20Feel%20(Wippenberg%20Remix).mp3
11,Needs To Feel (Wippenberg Remix).mp3,Needs to Feel (Wippenberg Remix),Super8 & Tab,DROP 2,drop,2,397.855,,rekordbox,0,5,file://localhost/Users/josephdaher/Git%20Repositories/djprojectexploration/music/ara-mix/Needs%20To%20Feel%20(Wippenberg%20Remix).mp3
11,Needs To Feel (Wippenberg Remix).mp3,Needs to Feel (Wippenberg Remix),Super8 & Tab,OUT 1,out,1,502.854,,rekordbox,0,6,file://localhost/Users/josephdaher/Git%20Repositories/djprojectexploration/music/ara-mix/Needs%20To%20Feel%20(Wippenberg%20Remix).mp3
11,Needs To Feel (Wippenberg Remix).mp3,Needs to Feel (Wippenberg Remix),Super8 & Tab,OUT 2,out,2,532.854,,rekordbox,0,7,file://localhost/Users/josephdaher/Git%20Repositories/djprojectexploration/music/ara-mix/Needs%20To%20Feel%20(Wippenberg%20Remix).mp3
12,I Wonder.mp3,I Wonder,ZHU,START,start,,0.141,,rekordbox,beatgrid,,file://localhost/Users/josephdaher/Git%20Repositories/djprojectexploration/music/ara-mix/I%20Wonder.mp3
12,I Wonder.mp3,I Wonder,ZHU,START,start,,0.141,,rekordbox,0,0,file://localhost/Users/josephdaher/Git%20Repositories/djprojectexploration/music/ara-mix/I%20Wonder.mp3
12,I Wonder.mp3,I Wonder,ZHU,IN 1,in,1,15.625,,rekordbox,0,1,file://localhost/Users/josephdaher/Git%20Repositories/djprojectexploration/music/ara-mix/I%20Wonder.mp3
12,I Wonder.mp3,I Wonder,ZHU,IN 2,in,2,31.108,,rekordbox,0,2,file://localhost/Users/josephdaher/Git%20Repositories/djprojectexploration/music/ara-mix/I%20Wonder.mp3
12,I Wonder.mp3,I Wonder,ZHU,BREAK 1,break,1,108.528,,rekordbox,0,4,file://localhost/Users/josephdaher/Git%20Repositories/djprojectexploration/music/ara-mix/I%20Wonder.mp3
12,I Wonder.mp3,I Wonder,ZHU,DROP 1,drop,1,147.238,,rekordbox,0,3,file://localhost/Users/josephdaher/Git%20Repositories/djprojectexploration/music/ara-mix/I%20Wonder.mp3
12,I Wonder.mp3,I Wonder,ZHU,OUT 2,out,2,178.206,,rekordbox,0,5,file://localhost/Users/josephdaher/Git%20Repositories/djprojectexploration/music/ara-mix/I%20Wonder.mp3
12,I Wonder.mp3,I Wonder,ZHU,OUT 2,out,2,209.173,,rekordbox,0,6,file://localhost/Users/josephdaher/Git%20Repositories/djprojectexploration/music/ara-mix/I%20Wonder.mp3
13,Bloodstream (Cubicore Extended Remix).mp3,Bloodstream (Cubicore Remix),"Ferry Corsten, Ruben De Ronde",START,start,,0.076,,rekordbox,beatgrid,,file://localhost/Users/josephdaher/Git%20Repositories/djprojectexploration/music/ara-mix/Bloodstream%20(Cubicore%20Extended%20Remix).mp3
13,Bloodstream (Cubicore Extended Remix).mp3,Bloodstream (Cubicore Remix),"Ferry Corsten, Ruben De Ronde",START,start,,1.014,,rekordbox,0,0,file://localhost/Users/josephdaher/Git%20Repositories/djprojectexploration/music/ara-mix/Bloodstream%20(Cubicore%20Extended%20Remix).mp3
13,Bloodstream (Cubicore Extended Remix).mp3,Bloodstream (Cubicore Remix),"Ferry Corsten, Ruben De Ronde",IN 1,in,1,31.013,,rekordbox,0,1,file://localhost/Users/josephdaher/Git%20Repositories/djprojectexploration/music/ara-mix/Bloodstream%20(Cubicore%20Extended%20Remix).mp3
13,Bloodstream (Cubicore Extended Remix).mp3,Bloodstream (Cubicore Remix),"Ferry Corsten, Ruben De Ronde",IN 2,in,2,61.013,,rekordbox,0,2,file://localhost/Users/josephdaher/Git%20Repositories/djprojectexploration/music/ara-mix/Bloodstream%20(Cubicore%20Extended%20Remix).mp3
13,Bloodstream (Cubicore Extended Remix).mp3,Bloodstream (Cubicore Remix),"Ferry Corsten, Ruben De Ronde",BREAK 1,break,1,196.013,,rekordbox,0,3,file://localhost/Users/josephdaher/Git%20Repositories/djprojectexploration/music/ara-mix/Bloodstream%20(Cubicore%20Extended%20Remix).mp3
13,Bloodstream (Cubicore Extended Remix).mp3,Bloodstream (Cubicore Remix),"Ferry Corsten, Ruben De Ronde",CHORUS 1,chorus,1,241.013,,rekordbox,0,4,file://localhost/Users/josephdaher/Git%20Repositories/djprojectexploration/music/ara-mix/Bloodstream%20(Cubicore%20Extended%20Remix).mp3
13,Bloodstream (Cubicore Extended Remix).mp3,Bloodstream (Cubicore Remix),"Ferry Corsten, Ruben De Ronde",OUT 1,out,1,331.013,,rekordbox,0,6,file://localhost/Users/josephdaher/Git%20Repositories/djprojectexploration/music/ara-mix/Bloodstream%20(Cubicore%20Extended%20Remix).mp3
13,Bloodstream (Cubicore Extended Remix).mp3,Bloodstream (Cubicore Remix),"Ferry Corsten, Ruben De Ronde",OUT 2,out,2,361.013,,rekordbox,0,7,file://localhost/Users/josephdaher/Git%20Repositories/djprojectexploration/music/ara-mix/Bloodstream%20(Cubicore%20Extended%20Remix).mp3
13,Bloodstream (Cubicore Extended Remix).mp3,Bloodstream (Cubicore Remix),"Ferry Corsten, Ruben De Ronde",OUT 3,out,3,391.013,,rekordbox,0,5,file://localhost/Users/josephdaher/Git%20Repositories/djprojectexploration/music/ara-mix/Bloodstream%20(Cubicore%20Extended%20Remix).mp3
14,Ice Beach (Original Mix).mp3,Ice Beach,"Niklas Harding, Arcane",START,start,,0.06,,rekordbox,beatgrid,,file://localhost/Users/josephdaher/Git%20Repositories/djprojectexploration/music/ara-mix/Ice%20Beach%20(Original%20Mix).mp3
14,Ice Beach (Original Mix).mp3,Ice Beach,"Niklas Harding, Arcane",START,start,,0.06,,rekordbox,0,0,file://localhost/Users/josephdaher/Git%20Repositories/djprojectexploration/music/ara-mix/Ice%20Beach%20(Original%20Mix).mp3
14,Ice Beach (Original Mix).mp3,Ice Beach,"Niklas Harding, Arcane",IN 1,in,1,29.151,,rekordbox,0,1,file://localhost/Users/josephdaher/Git%20Repositories/djprojectexploration/music/ara-mix/Ice%20Beach%20(Original%20Mix).mp3
14,Ice Beach (Original Mix).mp3,Ice Beach,"Niklas Harding, Arcane",IN 2,in,2,58.242,,rekordbox,0,2,file://localhost/Users/josephdaher/Git%20Repositories/djprojectexploration/music/ara-mix/Ice%20Beach%20(Original%20Mix).mp3
14,Ice Beach (Original Mix).mp3,Ice Beach,"Niklas Harding, Arcane",BREAK 1,break,1,261.878,,rekordbox,0,3,file://localhost/Users/josephdaher/Git%20Repositories/djprojectexploration/music/ara-mix/Ice%20Beach%20(Original%20Mix).mp3
14,Ice Beach (Original Mix).mp3,Ice Beach,"Niklas Harding, Arcane",DROP 1,drop,1,290.968,,rekordbox,0,4,file://localhost/Users/josephdaher/Git%20Repositories/djprojectexploration/music/ara-mix/Ice%20Beach%20(Original%20Mix).mp3
14,Ice Beach (Original Mix).mp3,Ice Beach,"Niklas Harding, Arcane",OUT 1,out,1,407.332,,rekordbox,0,6,file://localhost/Users/josephdaher/Git%20Repositories/djprojectexploration/music/ara-mix/Ice%20Beach%20(Original%20Mix).mp3
14,Ice Beach (Original Mix).mp3,Ice Beach,"Niklas Harding, Arcane",OUT 2,out,2,436.423,,rekordbox,0,5,file://localhost/Users/josephdaher/Git%20Repositories/djprojectexploration/music/ara-mix/Ice%20Beach%20(Original%20Mix).mp3
15,Connected (Vocal Mix).mp3,Connected (Vocal Mix),"Matt Hardwick, Smith & Pledger",START,start,,0.296,,rekordbox,beatgrid,,file://localhost/Users/josephdaher/Git%20Repositories/djprojectexploration/music/ara-mix/Connected%20(Vocal%20Mix).mp3
15,Connected (Vocal Mix).mp3,Connected (Vocal Mix),"Matt Hardwick, Smith & Pledger",START,start,,0.737,,rekordbox,0,0,file://localhost/Users/josephdaher/Git%20Repositories/djprojectexploration/music/ara-mix/Connected%20(Vocal%20Mix).mp3
15,Connected (Vocal Mix).mp3,Connected (Vocal Mix),"Matt Hardwick, Smith & Pledger",IN 1,in,1,28.972,,rekordbox,0,1,file://localhost/Users/josephdaher/Git%20Repositories/djprojectexploration/music/ara-mix/Connected%20(Vocal%20Mix).mp3
15,Connected (Vocal Mix).mp3,Connected (Vocal Mix),"Matt Hardwick, Smith & Pledger",IN 2,in,2,57.206,,rekordbox,0,2,file://localhost/Users/josephdaher/Git%20Repositories/djprojectexploration/music/ara-mix/Connected%20(Vocal%20Mix).mp3
15,Connected (Vocal Mix).mp3,Connected (Vocal Mix),"Matt Hardwick, Smith & Pledger",DROP 1,drop,1,170.144,,rekordbox,0,3,file://localhost/Users/josephdaher/Git%20Repositories/djprojectexploration/music/ara-mix/Connected%20(Vocal%20Mix).mp3
15,Connected (Vocal Mix).mp3,Connected (Vocal Mix),"Matt Hardwick, Smith & Pledger",CHORUS 1,chorus,1,283.083,,rekordbox,0,4,file://localhost/Users/josephdaher/Git%20Repositories/djprojectexploration/music/ara-mix/Connected%20(Vocal%20Mix).mp3
15,Connected (Vocal Mix).mp3,Connected (Vocal Mix),"Matt Hardwick, Smith & Pledger",OUT 1,out,1,367.786,,rekordbox,0,5,file://localhost/Users/josephdaher/Git%20Repositories/djprojectexploration/music/ara-mix/Connected%20(Vocal%20Mix).mp3
15,Connected (Vocal Mix).mp3,Connected (Vocal Mix),"Matt Hardwick, Smith & Pledger",OUT 2,out,2,396.021,,rekordbox,0,6,file://localhost/Users/josephdaher/Git%20Repositories/djprojectexploration/music/ara-mix/Connected%20(Vocal%20Mix).mp3
16,Time Goes By (Super8 Deep Mix).mp3,Time Goes By (Super8 Deep Mix),"Carrie Skipper, Super8 & Tab",START,start,,0.362,,rekordbox,beatgrid,,file://localhost/Users/josephdaher/Git%20Repositories/djprojectexploration/music/ara-mix/Time%20Goes%20By%20(Super8%20Deep%20Mix).mp3
16,Time Goes By (Super8 Deep Mix).mp3,Time Goes By (Super8 Deep Mix),"Carrie Skipper, Super8 & Tab",START,start,,0.797,,rekordbox,0,0,file://localhost/Users/josephdaher/Git%20Repositories/djprojectexploration/music/ara-mix/Time%20Goes%20By%20(Super8%20Deep%20Mix).mp3
16,Time Goes By (Super8 Deep Mix).mp3,Time Goes By (Super8 Deep Mix),"Carrie Skipper, Super8 & Tab",IN 1,in,1,56.449,,rekordbox,0,1,file://localhost/Users/josephdaher/Git%20Repositories/djprojectexploration/music/ara-mix/Time%20Goes%20By%20(Super8%20Deep%20Mix).mp3
16,Time Goes By (Super8 Deep Mix).mp3,Time Goes By (Super8 Deep Mix),"Carrie Skipper, Super8 & Tab",CHORUS 1,chorus,1,84.275,,rekordbox,0,2,file://localhost/Users/josephdaher/Git%20Repositories/djprojectexploration/music/ara-mix/Time%20Goes%20By%20(Super8%20Deep%20Mix).mp3
16,Time Goes By (Super8 Deep Mix).mp3,Time Goes By (Super8 Deep Mix),"Carrie Skipper, Super8 & Tab",BREAK 1,break,1,237.319,,rekordbox,0,3,file://localhost/Users/josephdaher/Git%20Repositories/djprojectexploration/music/ara-mix/Time%20Goes%20By%20(Super8%20Deep%20Mix).mp3
16,Time Goes By (Super8 Deep Mix).mp3,Time Goes By (Super8 Deep Mix),"Carrie Skipper, Super8 & Tab",DROP 1,drop,1,320.797,,rekordbox,0,4,file://localhost/Users/josephdaher/Git%20Repositories/djprojectexploration/music/ara-mix/Time%20Goes%20By%20(Super8%20Deep%20Mix).mp3
16,Time Goes By (Super8 Deep Mix).mp3,Time Goes By (Super8 Deep Mix),"Carrie Skipper, Super8 & Tab",OUT 1,out,1,418.188,,rekordbox,0,6,file://localhost/Users/josephdaher/Git%20Repositories/djprojectexploration/music/ara-mix/Time%20Goes%20By%20(Super8%20Deep%20Mix).mp3
16,Time Goes By (Super8 Deep Mix).mp3,Time Goes By (Super8 Deep Mix),"Carrie Skipper, Super8 & Tab",OUT 2,out,2,446.014,,rekordbox,0,7,file://localhost/Users/josephdaher/Git%20Repositories/djprojectexploration/music/ara-mix/Time%20Goes%20By%20(Super8%20Deep%20Mix).mp3
17,Metanoia (Original Club Mix).mp3,Metanoia,"Omnia, The Blizzard",START,start,,0.074,,rekordbox,beatgrid,,file://localhost/Users/josephdaher/Git%20Repositories/djprojectexploration/music/ara-mix/Metanoia%20(Original%20Club%20Mix).mp3
17,Metanoia (Original Club Mix).mp3,Metanoia,"Omnia, The Blizzard",START,start,,0.97,,rekordbox,0,0,file://localhost/Users/josephdaher/Git%20Repositories/djprojectexploration/music/ara-mix/Metanoia%20(Original%20Club%20Mix).mp3
17,Metanoia (Original Club Mix).mp3,Metanoia,"Omnia, The Blizzard",IN 1,in,1,58.283,,rekordbox,0,2,file://localhost/Users/josephdaher/Git%20Repositories/djprojectexploration/music/ara-mix/Metanoia%20(Original%20Club%20Mix).mp3
17,Metanoia (Original Club Mix).mp3,Metanoia,"Omnia, The Blizzard",BREAK 1,break,1,115.597,,rekordbox,0,3,file://localhost/Users/josephdaher/Git%20Repositories/djprojectexploration/music/ara-mix/Metanoia%20(Original%20Club%20Mix).mp3
17,Metanoia (Original Club Mix).mp3,Metanoia,"Omnia, The Blizzard",CHORUS 1,chorus,1,144.253,,rekordbox,0,4,file://localhost/Users/josephdaher/Git%20Repositories/djprojectexploration/music/ara-mix/Metanoia%20(Original%20Club%20Mix).mp3
17,Metanoia (Original Club Mix).mp3,Metanoia,"Omnia, The Blizzard",CHORUS 2,chorus,2,244.552,,rekordbox,0,5,file://localhost/Users/josephdaher/Git%20Repositories/djprojectexploration/music/ara-mix/Metanoia%20(Original%20Club%20Mix).mp3
17,Metanoia (Original Club Mix).mp3,Metanoia,"Omnia, The Blizzard",OUT 1,out,1,359.179,,rekordbox,0,6,file://localhost/Users/josephdaher/Git%20Repositories/djprojectexploration/music/ara-mix/Metanoia%20(Original%20Club%20Mix).mp3
17,Metanoia (Original Club Mix).mp3,Metanoia,"Omnia, The Blizzard",OUT 2,out,2,387.836,,rekordbox,0,7,file://localhost/Users/josephdaher/Git%20Repositories/djprojectexploration/music/ara-mix/Metanoia%20(Original%20Club%20Mix).mp3
18,Frozen (Extended Mix).mp3,Frozen,Dogzilla,START,start,,0.204,,rekordbox,beatgrid,,file://localhost/Users/josephdaher/Git%20Repositories/djprojectexploration/music/ara-mix/Frozen%20(Extended%20Mix).mp3
18,Frozen (Extended Mix).mp3,Frozen,Dogzilla,START,start,,0.204,,rekordbox,0,0,file://localhost/Users/josephdaher/Git%20Repositories/djprojectexploration/music/ara-mix/Frozen%20(Extended%20Mix).mp3
18,Frozen (Extended Mix).mp3,Frozen,Dogzilla,IN 1,in,1,42.557,,rekordbox,0,1,file://localhost/Users/josephdaher/Git%20Repositories/djprojectexploration/music/ara-mix/Frozen%20(Extended%20Mix).mp3
18,Frozen (Extended Mix).mp3,Frozen,Dogzilla,IN 2,in,2,70.792,,rekordbox,0,2,file://localhost/Users/josephdaher/Git%20Repositories/djprojectexploration/music/ara-mix/Frozen%20(Extended%20Mix).mp3
18,Frozen (Extended Mix).mp3,Frozen,Dogzilla,CHORUS 1,chorus,1,169.616,,rekordbox,0,3,file://localhost/Users/josephdaher/Git%20Repositories/djprojectexploration/music/ara-mix/Frozen%20(Extended%20Mix).mp3
18,Frozen (Extended Mix).mp3,Frozen,Dogzilla,CHORUS 2,chorus,2,331.969,,rekordbox,0,4,file://localhost/Users/josephdaher/Git%20Repositories/djprojectexploration/music/ara-mix/Frozen%20(Extended%20Mix).mp3
18,Frozen (Extended Mix).mp3,Frozen,Dogzilla,OUT 1,out,1,416.675,,rekordbox,0,6,file://localhost/Users/josephdaher/Git%20Repositories/djprojectexploration/music/ara-mix/Frozen%20(Extended%20Mix).mp3
18,Frozen (Extended Mix).mp3,Frozen,Dogzilla,OUT 2,out,2,444.91,,rekordbox,0,5,file://localhost/Users/josephdaher/Git%20Repositories/djprojectexploration/music/ara-mix/Frozen%20(Extended%20Mix).mp3
19,These Shoulders (Oliver Smith Remix).mp3,These Shoulders (Oliver Smith Remix),"The Signalrunners, Julie Thompson",START,start,,0.273,,rekordbox,beatgrid,,file://localhost/Users/josephdaher/Git%20Repositories/djprojectexploration/music/ara-mix/These%20Shoulders%20(Oliver%20Smith%20Remix).mp3
19,These Shoulders (Oliver Smith Remix).mp3,These Shoulders (Oliver Smith Remix),"The Signalrunners, Julie Thompson",START,start,,0.273,,rekordbox,0,0,file://localhost/Users/josephdaher/Git%20Repositories/djprojectexploration/music/ara-mix/These%20Shoulders%20(Oliver%20Smith%20Remix).mp3
19,These Shoulders (Oliver Smith Remix).mp3,These Shoulders (Oliver Smith Remix),"The Signalrunners, Julie Thompson",IN 1,in,1,57.586,,rekordbox,0,2,file://localhost/Users/josephdaher/Git%20Repositories/djprojectexploration/music/ara-mix/These%20Shoulders%20(Oliver%20Smith%20Remix).mp3
19,These Shoulders (Oliver Smith Remix).mp3,These Shoulders (Oliver Smith Remix),"The Signalrunners, Julie Thompson",IN 2,in,2,86.243,,rekordbox,0,1,file://localhost/Users/josephdaher/Git%20Repositories/djprojectexploration/music/ara-mix/These%20Shoulders%20(Oliver%20Smith%20Remix).mp3
19,These Shoulders (Oliver Smith Remix).mp3,These Shoulders (Oliver Smith Remix),"The Signalrunners, Julie Thompson",DROP 1,drop,1,200.87,,rekordbox,0,3,file://localhost/Users/josephdaher/Git%20Repositories/djprojectexploration/music/ara-mix/These%20Shoulders%20(Oliver%20Smith%20Remix).mp3
19,These Shoulders (Oliver Smith Remix).mp3,These Shoulders (Oliver Smith Remix),"The Signalrunners, Julie Thompson",OUT 1,out,1,315.496,,rekordbox,0,4,file://localhost/Users/josephdaher/Git%20Repositories/djprojectexploration/music/ara-mix/These%20Shoulders%20(Oliver%20Smith%20Remix).mp3
19,These Shoulders (Oliver Smith Remix).mp3,These Shoulders (Oliver Smith Remix),"The Signalrunners, Julie Thompson",OUT 2,out,2,344.153,,rekordbox,0,5,file://localhost/Users/josephdaher/Git%20Repositories/djprojectexploration/music/ara-mix/These%20Shoulders%20(Oliver%20Smith%20Remix).mp3
19,These Shoulders (Oliver Smith Remix).mp3,These Shoulders (Oliver Smith Remix),"The Signalrunners, Julie Thompson",OUT 3,out,3,372.81,,rekordbox,0,6,file://localhost/Users/josephdaher/Git%20Repositories/djprojectexploration/music/ara-mix/These%20Shoulders%20(Oliver%20Smith%20Remix).mp3
20,The Whiteroom (Extended Mix).mp3,The Whiteroom,"Andy Moor, Adam White, Whiteroom",START,start,,0.229,,rekordbox,beatgrid,,file://localhost/Users/josephdaher/Git%20Repositories/djprojectexploration/music/ara-mix/The%20Whiteroom%20(Extended%20Mix).mp3
20,The Whiteroom (Extended Mix).mp3,The Whiteroom,"Andy Moor, Adam White, Whiteroom",START,start,,2.451,,rekordbox,0,0,file://localhost/Users/josephdaher/Git%20Repositories/djprojectexploration/music/ara-mix/The%20Whiteroom%20(Extended%20Mix).mp3
20,The Whiteroom (Extended Mix).mp3,The Whiteroom,"Andy Moor, Adam White, Whiteroom",IN 1,in,1,59.34,,rekordbox,0,1,file://localhost/Users/josephdaher/Git%20Repositories/djprojectexploration/music/ara-mix/The%20Whiteroom%20(Extended%20Mix).mp3
20,The Whiteroom (Extended Mix).mp3,The Whiteroom,"Andy Moor, Adam White, Whiteroom",BREAK 1,break,1,116.229,,rekordbox,0,2,file://localhost/Users/josephdaher/Git%20Repositories/djprojectexploration/music/ara-mix/The%20Whiteroom%20(Extended%20Mix).mp3
20,The Whiteroom (Extended Mix).mp3,The Whiteroom,"Andy Moor, Adam White, Whiteroom",DROP 1,drop,1,329.563,,rekordbox,0,4,file://localhost/Users/josephdaher/Git%20Repositories/djprojectexploration/music/ara-mix/The%20Whiteroom%20(Extended%20Mix).mp3
20,The Whiteroom (Extended Mix).mp3,The Whiteroom,"Andy Moor, Adam White, Whiteroom",OUT 1,out,1,457.563,,rekordbox,0,5,file://localhost/Users/josephdaher/Git%20Repositories/djprojectexploration/music/ara-mix/The%20Whiteroom%20(Extended%20Mix).mp3
20,The Whiteroom (Extended Mix).mp3,The Whiteroom,"Andy Moor, Adam White, Whiteroom",OUT 2,out,2,486.008,,rekordbox,0,6,file://localhost/Users/josephdaher/Git%20Repositories/djprojectexploration/music/ara-mix/The%20Whiteroom%20(Extended%20Mix).mp3
21,Above & Beyond - Far From In Love (Original Mix).mp3,Far From In Love,Above & Beyond,START,start,,0.326,,rekordbox,beatgrid,,file://localhost/Users/josephdaher/Git%20Repositories/djprojectexploration/music/ara-mix/Above%20%26%20Beyond%20-%20Far%20From%20In%20Love%20(Original%20Mix).mp3
21,Above & Beyond - Far From In Love (Original Mix).mp3,Far From In Love,Above & Beyond,START,start,,1.196,,rekordbox,0,0,file://localhost/Users/josephdaher/Git%20Repositories/djprojectexploration/music/ara-mix/Above%20%26%20Beyond%20-%20Far%20From%20In%20Love%20(Original%20Mix).mp3
21,Above & Beyond - Far From In Love (Original Mix).mp3,Far From In Love,Above & Beyond,IN 1,in,1,29.022,,rekordbox,0,1,file://localhost/Users/josephdaher/Git%20Repositories/djprojectexploration/music/ara-mix/Above%20%26%20Beyond%20-%20Far%20From%20In%20Love%20(Original%20Mix).mp3
21,Above & Beyond - Far From In Love (Original Mix).mp3,Far From In Love,Above & Beyond,IN 2,in,2,56.848,,rekordbox,0,2,file://localhost/Users/josephdaher/Git%20Repositories/djprojectexploration/music/ara-mix/Above%20%26%20Beyond%20-%20Far%20From%20In%20Love%20(Original%20Mix).mp3
21,Above & Beyond - Far From In Love (Original Mix).mp3,Far From In Love,Above & Beyond,BREAK 1,break,1,126.413,,rekordbox,0,3,file://localhost/Users/josephdaher/Git%20Repositories/djprojectexploration/music/ara-mix/Above%20%26%20Beyond%20-%20Far%20From%20In%20Love%20(Original%20Mix).mp3
21,Above & Beyond - Far From In Love (Original Mix).mp3,Far From In Love,Above & Beyond,CHORUS 1,chorus,1,209.892,,rekordbox,0,4,file://localhost/Users/josephdaher/Git%20Repositories/djprojectexploration/music/ara-mix/Above%20%26%20Beyond%20-%20Far%20From%20In%20Love%20(Original%20Mix).mp3
21,Above & Beyond - Far From In Love (Original Mix).mp3,Far From In Love,Above & Beyond,OUT 2,out,2,321.196,,rekordbox,0,5,file://localhost/Users/josephdaher/Git%20Repositories/djprojectexploration/music/ara-mix/Above%20%26%20Beyond%20-%20Far%20From%20In%20Love%20(Original%20Mix).mp3
21,Above & Beyond - Far From In Love (Original Mix).mp3,Far From In Love,Above & Beyond,OUT 1,out,1,376.848,,rekordbox,0,6,file://localhost/Users/josephdaher/Git%20Repositories/djprojectexploration/music/ara-mix/Above%20%26%20Beyond%20-%20Far%20From%20In%20Love%20(Original%20Mix).mp3
22,Zocalo.mp3,Zocalo,"Armin Van Buuren, Gabriel & Dresden",START,start,,0.29,,rekordbox,beatgrid,,file://localhost/Users/josephdaher/Git%20Repositories/djprojectexploration/music/ara-mix/Zocalo.mp3
22,Zocalo.mp3,Zocalo,"Armin Van Buuren, Gabriel & Dresden",START,start,,0.29,,rekordbox,0,0,file://localhost/Users/josephdaher/Git%20Repositories/djprojectexploration/music/ara-mix/Zocalo.mp3
22,Zocalo.mp3,Zocalo,"Armin Van Buuren, Gabriel & Dresden",IN 1,in,1,28.735,,rekordbox,0,1,file://localhost/Users/josephdaher/Git%20Repositories/djprojectexploration/music/ara-mix/Zocalo.mp3
22,Zocalo.mp3,Zocalo,"Armin Van Buuren, Gabriel & Dresden",IN 2,in,2,57.179,,rekordbox,0,2,file://localhost/Users/josephdaher/Git%20Repositories/djprojectexploration/music/ara-mix/Zocalo.mp3
22,Zocalo.mp3,Zocalo,"Armin Van Buuren, Gabriel & Dresden",BREAK 1,break,1,213.624,,rekordbox,0,3,file://localhost/Users/josephdaher/Git%20Repositories/djprojectexploration/music/ara-mix/Zocalo.mp3
22,Zocalo.mp3,Zocalo,"Armin Van Buuren, Gabriel & Dresden",DROP 1,drop,1,313.179,,rekordbox,0,4,file://localhost/Users/josephdaher/Git%20Repositories/djprojectexploration/music/ara-mix/Zocalo.mp3
22,Zocalo.mp3,Zocalo,"Armin Van Buuren, Gabriel & Dresden",OUT 1,out,1,412.735,,rekordbox,0,5,file://localhost/Users/josephdaher/Git%20Repositories/djprojectexploration/music/ara-mix/Zocalo.mp3
22,Zocalo.mp3,Zocalo,"Armin Van Buuren, Gabriel & Dresden",OUT 2,out,2,441.179,,rekordbox,0,6,file://localhost/Users/josephdaher/Git%20Repositories/djprojectexploration/music/ara-mix/Zocalo.mp3
22,Zocalo.mp3,Zocalo,"Armin Van Buuren, Gabriel & Dresden",OUT 3,out,3,469.624,,rekordbox,0,7,file://localhost/Users/josephdaher/Git%20Repositories/djprojectexploration/music/ara-mix/Zocalo.mp3
23,Perception (New Vocal Mix).mp3,Perception (Vocal Mix),Cass & Slide,START,start,,0.039,,rekordbox,beatgrid,,file://localhost/Users/josephdaher/Git%20Repositories/djprojectexploration/music/ara-mix/Perception%20(New%20Vocal%20Mix).mp3
23,Perception (New Vocal Mix).mp3,Perception (Vocal Mix),Cass & Slide,START,start,,0.042,,rekordbox,0,0,file://localhost/Users/josephdaher/Git%20Repositories/djprojectexploration/music/ara-mix/Perception%20(New%20Vocal%20Mix).mp3
23,Perception (New Vocal Mix).mp3,Perception (Vocal Mix),Cass & Slide,IN 1,in,1,28.703,,rekordbox,0,1,file://localhost/Users/josephdaher/Git%20Repositories/djprojectexploration/music/ara-mix/Perception%20(New%20Vocal%20Mix).mp3
23,Perception (New Vocal Mix).mp3,Perception (Vocal Mix),Cass & Slide,IN 2,in,2,114.669,,rekordbox,0,2,file://localhost/Users/josephdaher/Git%20Repositories/djprojectexploration/music/ara-mix/Perception%20(New%20Vocal%20Mix).mp3
23,Perception (New Vocal Mix).mp3,Perception (Vocal Mix),Cass & Slide,BREAK 1,break,1,132.579,,rekordbox,0,3,file://localhost/Users/josephdaher/Git%20Repositories/djprojectexploration/music/ara-mix/Perception%20(New%20Vocal%20Mix).mp3
23,Perception (New Vocal Mix).mp3,Perception (Vocal Mix),Cass & Slide,CHORUS 1,chorus,1,290.216,,rekordbox,0,4,file://localhost/Users/josephdaher/Git%20Repositories/djprojectexploration/music/ara-mix/Perception%20(New%20Vocal%20Mix).mp3
23,Perception (New Vocal Mix).mp3,Perception (Vocal Mix),Cass & Slide,OUT 1,out,1,562.502,,rekordbox,0,5,file://localhost/Users/josephdaher/Git%20Repositories/djprojectexploration/music/ara-mix/Perception%20(New%20Vocal%20Mix).mp3
23,Perception (New Vocal Mix).mp3,Perception (Vocal Mix),Cass & Slide,OUT 2,out,2,591.164,,rekordbox,0,6,file://localhost/Users/josephdaher/Git%20Repositories/djprojectexploration/music/ara-mix/Perception%20(New%20Vocal%20Mix).mp3
