mix_name,track_number,title,artists,genre,mp3_name,energy,bpm,glm_energy_pred,glm_energy_oof_pred,glm_energy_residual,glm_energy_oof_residual,maest_full_000,maest_full_001,maest_full_002,maest_full_003,maest_full_004,maest_full_005,maest_full_006,maest_full_007,maest_full_008,maest_full_009,maest_full_010,maest_full_011,maest_full_012,maest_full_013,maest_full_014,maest_full_015,maest_full_016,maest_full_017,maest_full_018,maest_full_019,maest_full_020,maest_full_021,maest_full_022,maest_full_023,maest_full_024,maest_full_025,maest_full_026,maest_full_027,maest_full_028,maest_full_029,maest_full_030,maest_full_031,maest_full_032,maest_full_033,maest_full_034,maest_full_035,maest_full_036,maest_full_037,maest_full_038,maest_full_039,maest_full_040,maest_full_041,maest_full_042,maest_full_043,maest_full_044,maest_full_045,maest_full_046,maest_full_047,maest_full_048,maest_full_049,maest_full_050,maest_full_051,maest_full_052,maest_full_053,maest_full_054,maest_full_055,maest_full_056,maest_full_057,maest_full_058,maest_full_059,maest_full_060,maest_full_061,maest_full_062,maest_full_063,maest_full_064,maest_full_065,maest_full_066,maest_full_067,maest_full_068,maest_full_069,maest_full_070,maest_full_071,maest_full_072,maest_full_073,maest_full_074,maest_full_075,maest_full_076,maest_full_077,maest_full_078,maest_full_079,maest_full_080,maest_full_081,maest_full_082,maest_full_083,maest_full_084,maest_full_085,maest_full_086,maest_full_087,maest_full_088,maest_full_089,maest_full_090,maest_full_091,maest_full_092,maest_full_093,maest_full_094,maest_full_095,maest_full_096,maest_full_097,maest_full_098,maest_full_099,maest_full_100,maest_full_101,maest_full_102,maest_full_103,maest_full_104,maest_full_105,maest_full_106,maest_full_107,maest_full_108,maest_full_109,maest_full_110,maest_full_111,maest_full_112,maest_full_113,maest_full_114,maest_full_115,maest_full_116,maest_full_117,maest_full_118,maest_full_119,maest_full_120,maest_full_121,maest_full_122,maest_full_123,maest_full_124,maest_full_125,maest_full_126,maest_full_127,maest_full_128,maest_full_129,maest_full_130,maest_full_131,maest_full_132,maest_full_133,maest_full_134,maest_full_135,maest_full_136,maest_full_137,maest_full_138,maest_full_139,maest_full_140,maest_full_141,maest_full_142,maest_full_143,maest_full_144,maest_full_145,maest_full_146,maest_full_147,maest_full_148,maest_full_149,maest_full_150,maest_full_151,maest_full_152,maest_full_153,maest_full_154,maest_full_155,maest_full_156,maest_full_157,maest_full_158,maest_full_159,maest_full_160,maest_full_161,maest_full_162,maest_full_163,maest_full_164,maest_full_165,maest_full_166,maest_full_167,maest_full_168,maest_full_169,maest_full_170,maest_full_171,maest_full_172,maest_full_173,maest_full_174,maest_full_175,maest_full_176,maest_full_177,maest_full_178,maest_full_179,maest_full_180,maest_full_181,maest_full_182,maest_full_183,maest_full_184,maest_full_185,maest_full_186,maest_full_187,maest_full_188,maest_full_189,maest_full_190,maest_full_191,maest_full_192,maest_full_193,maest_full_194,maest_full_195,maest_full_196,maest_full_197,maest_full_198,maest_full_199,maest_full_200,maest_full_201,maest_full_202,maest_full_203,maest_full_204,maest_full_205,maest_full_206,maest_full_207,maest_full_208,maest_full_209,maest_full_210,maest_full_211,maest_full_212,maest_full_213,maest_full_214,maest_full_215,maest_full_216,maest_full_217,maest_full_218,maest_full_219,maest_full_220,maest_full_221,maest_full_222,maest_full_223,maest_full_224,maest_full_225,maest_full_226,maest_full_227,maest_full_228,maest_full_229,maest_full_230,maest_full_231,maest_full_232,maest_full_233,maest_full_234,maest_full_235,maest_full_236,maest_full_237,maest_full_238,maest_full_239,maest_full_240,maest_full_241,maest_full_242,maest_full_243,maest_full_244,maest_full_245,maest_full_246,maest_full_247,maest_full_248,maest_full_249,maest_full_250,maest_full_251,maest_full_252,maest_full_253,maest_full_254,maest_full_255,maest_full_256,maest_full_257,maest_full_258,maest_full_259,maest_full_260,maest_full_261,maest_full_262,maest_full_263,maest_full_264,maest_full_265,maest_full_266,maest_full_267,maest_full_268,maest_full_269,maest_full_270,maest_full_271,maest_full_272,maest_full_273,maest_full_274,maest_full_275,maest_full_276,maest_full_277,maest_full_278,maest_full_279,maest_full_280,maest_full_281,maest_full_282,maest_full_283,maest_full_284,maest_full_285,maest_full_286,maest_full_287,maest_full_288,maest_full_289,maest_full_290,maest_full_291,maest_full_292,maest_full_293,maest_full_294,maest_full_295,maest_full_296,maest_full_297,maest_full_298,maest_full_299,maest_full_300,maest_full_301,maest_full_302,maest_full_303,maest_full_304,maest_full_305,maest_full_306,maest_full_307,maest_full_308,maest_full_309,maest_full_310,maest_full_311,maest_full_312,maest_full_313,maest_full_314,maest_full_315,maest_full_316,maest_full_317,maest_full_318,maest_full_319,maest_full_320,maest_full_321,maest_full_322,maest_full_323,maest_full_324,maest_full_325,maest_full_326,maest_full_327,maest_full_328,maest_full_329,maest_full_330,maest_full_331,maest_full_332,maest_full_333,maest_full_334,maest_full_335,maest_full_336,maest_full_337,maest_full_338,maest_full_339,maest_full_340,maest_full_341,maest_full_342,maest_full_343,maest_full_344,maest_full_345,maest_full_346,maest_full_347,maest_full_348,maest_full_349,maest_full_350,maest_full_351,maest_full_352,maest_full_353,maest_full_354,maest_full_355,maest_full_356,maest_full_357,maest_full_358,maest_full_359,maest_full_360,maest_full_361,maest_full_362,maest_full_363,maest_full_364,maest_full_365,maest_full_366,maest_full_367,maest_full_368,maest_full_369,maest_full_370,maest_full_371,maest_full_372,maest_full_373,maest_full_374,maest_full_375,maest_full_376,maest_full_377,maest_full_378,maest_full_379,maest_full_380,maest_full_381,maest_full_382,maest_full_383,maest_full_384,maest_full_385,maest_full_386,maest_full_387,maest_full_388,maest_full_389,maest_full_390,maest_full_391,maest_full_392,maest_full_393,maest_full_394,maest_full_395,maest_full_396,maest_full_397,maest_full_398,maest_full_399,maest_full_400,maest_full_401,maest_full_402,maest_full_403,maest_full_404,maest_full_405,maest_full_406,maest_full_407,maest_full_408,maest_full_409,maest_full_410,maest_full_411,maest_full_412,maest_full_413,maest_full_414,maest_full_415,maest_full_416,maest_full_417,maest_full_418,maest_full_419,maest_full_420,maest_full_421,maest_full_422,maest_full_423,maest_full_424,maest_full_425,maest_full_426,maest_full_427,maest_full_428,maest_full_429,maest_full_430,maest_full_431,maest_full_432,maest_full_433,maest_full_434,maest_full_435,maest_full_436,maest_full_437,maest_full_438,maest_full_439,maest_full_440,maest_full_441,maest_full_442,maest_full_443,maest_full_444,maest_full_445,maest_full_446,maest_full_447,maest_full_448,maest_full_449,maest_full_450,maest_full_451,maest_full_452,maest_full_453,maest_full_454,maest_full_455,maest_full_456,maest_full_457,maest_full_458,maest_full_459,maest_full_460,maest_full_461,maest_full_462,maest_full_463,maest_full_464,maest_full_465,maest_full_466,maest_full_467,maest_full_468,maest_full_469,maest_full_470,maest_full_471,maest_full_472,maest_full_473,maest_full_474,maest_full_475,maest_full_476,maest_full_477,maest_full_478,maest_full_479,maest_full_480,maest_full_481,maest_full_482,maest_full_483,maest_full_484,maest_full_485,maest_full_486,maest_full_487,maest_full_488,maest_full_489,maest_full_490,maest_full_491,maest_full_492,maest_full_493,maest_full_494,maest_full_495,maest_full_496,maest_full_497,maest_full_498,maest_full_499,maest_full_500,maest_full_501,maest_full_502,maest_full_503,maest_full_504,maest_full_505,maest_full_506,maest_full_507,maest_full_508,maest_full_509,maest_full_510,maest_full_511,maest_full_512,maest_full_513,maest_full_514,maest_full_515,maest_full_516,maest_full_517,maest_full_518,maest_full_519,maest_full_520,maest_full_521,maest_full_522,maest_full_523,maest_full_524,maest_full_525,maest_full_526,maest_full_527,maest_full_528,maest_full_529,maest_full_530,maest_full_531,maest_full_532,maest_full_533,maest_full_534,maest_full_535,maest_full_536,maest_full_537,maest_full_538,maest_full_539,maest_full_540,maest_full_541,maest_full_542,maest_full_543,maest_full_544,maest_full_545,maest_full_546,maest_full_547,maest_full_548,maest_full_549,maest_full_550,maest_full_551,maest_full_552,maest_full_553,maest_full_554,maest_full_555,maest_full_556,maest_full_557,maest_full_558,maest_full_559,maest_full_560,maest_full_561,maest_full_562,maest_full_563,maest_full_564,maest_full_565,maest_full_566,maest_full_567,maest_full_568,maest_full_569,maest_full_570,maest_full_571,maest_full_572,maest_full_573,maest_full_574,maest_full_575,maest_full_576,maest_full_577,maest_full_578,maest_full_579,maest_full_580,maest_full_581,maest_full_582,maest_full_583,maest_full_584,maest_full_585,maest_full_586,maest_full_587,maest_full_588,maest_full_589,maest_full_590,maest_full_591,maest_full_592,maest_full_593,maest_full_594,maest_full_595,maest_full_596,maest_full_597,maest_full_598,maest_full_599,maest_full_600,maest_full_601,maest_full_602,maest_full_603,maest_full_604,maest_full_605,maest_full_606,maest_full_607,maest_full_608,maest_full_609,maest_full_610,maest_full_611,maest_full_612,maest_full_613,maest_full_614,maest_full_615,maest_full_616,maest_full_617,maest_full_618,maest_full_619,maest_full_620,maest_full_621,maest_full_622,maest_full_623,maest_full_624,maest_full_625,maest_full_626,maest_full_627,maest_full_628,maest_full_629,maest_full_630,maest_full_631,maest_full_632,maest_full_633,maest_full_634,maest_full_635,maest_full_636,maest_full_637,maest_full_638,maest_full_639,maest_full_640,maest_full_641,maest_full_642,maest_full_643,maest_full_644,maest_full_645,maest_full_646,maest_full_647,maest_full_648,maest_full_649,maest_full_650,maest_full_651,maest_full_652,maest_full_653,maest_full_654,maest_full_655,maest_full_656,maest_full_657,maest_full_658,maest_full_659,maest_full_660,maest_full_661,maest_full_662,maest_full_663,maest_full_664,maest_full_665,maest_full_666,maest_full_667,maest_full_668,maest_full_669,maest_full_670,maest_full_671,maest_full_672,maest_full_673,maest_full_674,maest_full_675,maest_full_676,maest_full_677,maest_full_678,maest_full_679,maest_full_680,maest_full_681,maest_full_682,maest_full_683,maest_full_684,maest_full_685,maest_full_686,maest_full_687,maest_full_688,maest_full_689,maest_full_690,maest_full_691,maest_full_692,maest_full_693,maest_full_694,maest_full_695,maest_full_696,maest_full_697,maest_full_698,maest_full_699,maest_full_700,maest_full_701,maest_full_702,maest_full_703,maest_full_704,maest_full_705,maest_full_706,maest_full_707,maest_full_708,maest_full_709,maest_full_710,maest_full_711,maest_full_712,maest_full_713,maest_full_714,maest_full_715,maest_full_716,maest_full_717,maest_full_718,maest_full_719,maest_full_720,maest_full_721,maest_full_722,maest_full_723,maest_full_724,maest_full_725,maest_full_726,maest_full_727,maest_full_728,maest_full_729,maest_full_730,maest_full_731,maest_full_732,maest_full_733,maest_full_734,maest_full_735,maest_full_736,maest_full_737,maest_full_738,maest_full_739,maest_full_740,maest_full_741,maest_full_742,maest_full_743,maest_full_744,maest_full_745,maest_full_746,maest_full_747,maest_full_748,maest_full_749,maest_full_750,maest_full_751,maest_full_752,maest_full_753,maest_full_754,maest_full_755,maest_full_756,maest_full_757,maest_full_758,maest_full_759,maest_full_760,maest_full_761,maest_full_762,maest_full_763,maest_full_764,maest_full_765,maest_full_766,maest_full_767,maest_peak30_000,maest_peak30_001,maest_peak30_002,maest_peak30_003,maest_peak30_004,maest_peak30_005,maest_peak30_006,maest_peak30_007,maest_peak30_008,maest_peak30_009,maest_peak30_010,maest_peak30_011,maest_peak30_012,maest_peak30_013,maest_peak30_014,maest_peak30_015,maest_peak30_016,maest_peak30_017,maest_peak30_018,maest_peak30_019,maest_peak30_020,maest_peak30_021,maest_peak30_022,maest_peak30_023,maest_peak30_024,maest_peak30_025,maest_peak30_026,maest_peak30_027,maest_peak30_028,maest_peak30_029,maest_peak30_030,maest_peak30_031,maest_peak30_032,maest_peak30_033,maest_peak30_034,maest_peak30_035,maest_peak30_036,maest_peak30_037,maest_peak30_038,maest_peak30_039,maest_peak30_040,maest_peak30_041,maest_peak30_042,maest_peak30_043,maest_peak30_044,maest_peak30_045,maest_peak30_046,maest_peak30_047,maest_peak30_048,maest_peak30_049,maest_peak30_050,maest_peak30_051,maest_peak30_052,maest_peak30_053,maest_peak30_054,maest_peak30_055,maest_peak30_056,maest_peak30_057,maest_peak30_058,maest_peak30_059,maest_peak30_060,maest_peak30_061,maest_peak30_062,maest_peak30_063,maest_peak30_064,maest_peak30_065,maest_peak30_066,maest_peak30_067,maest_peak30_068,maest_peak30_069,maest_peak30_070,maest_peak30_071,maest_peak30_072,maest_peak30_073,maest_peak30_074,maest_peak30_075,maest_peak30_076,maest_peak30_077,maest_peak30_078,maest_peak30_079,maest_peak30_080,maest_peak30_081,maest_peak30_082,maest_peak30_083,maest_peak30_084,maest_peak30_085,maest_peak30_086,maest_peak30_087,maest_peak30_088,maest_peak30_089,maest_peak30_090,maest_peak30_091,maest_peak30_092,maest_peak30_093,maest_peak30_094,maest_peak30_095,maest_peak30_096,maest_peak30_097,maest_peak30_098,maest_peak30_099,maest_peak30_100,maest_peak30_101,maest_peak30_102,maest_peak30_103,maest_peak30_104,maest_peak30_105,maest_peak30_106,maest_peak30_107,maest_peak30_108,maest_peak30_109,maest_peak30_110,maest_peak30_111,maest_peak30_112,maest_peak30_113,maest_peak30_114,maest_peak30_115,maest_peak30_116,maest_peak30_117,maest_peak30_118,maest_peak30_119,maest_peak30_120,maest_peak30_121,maest_peak30_122,maest_peak30_123,maest_peak30_124,maest_peak30_125,maest_peak30_126,maest_peak30_127,maest_peak30_128,maest_peak30_129,maest_peak30_130,maest_peak30_131,maest_peak30_132,maest_peak30_133,maest_peak30_134,maest_peak30_135,maest_peak30_136,maest_peak30_137,maest_peak30_138,maest_peak30_139,maest_peak30_140,maest_peak30_141,maest_peak30_142,maest_peak30_143,maest_peak30_144,maest_peak30_145,maest_peak30_146,maest_peak30_147,maest_peak30_148,maest_peak30_149,maest_peak30_150,maest_peak30_151,maest_peak30_152,maest_peak30_153,maest_peak30_154,maest_peak30_155,maest_peak30_156,maest_peak30_157,maest_peak30_158,maest_peak30_159,maest_peak30_160,maest_peak30_161,maest_peak30_162,maest_peak30_163,maest_peak30_164,maest_peak30_165,maest_peak30_166,maest_peak30_167,maest_peak30_168,maest_peak30_169,maest_peak30_170,maest_peak30_171,maest_peak30_172,maest_peak30_173,maest_peak30_174,maest_peak30_175,maest_peak30_176,maest_peak30_177,maest_peak30_178,maest_peak30_179,maest_peak30_180,maest_peak30_181,maest_peak30_182,maest_peak30_183,maest_peak30_184,maest_peak30_185,maest_peak30_186,maest_peak30_187,maest_peak30_188,maest_peak30_189,maest_peak30_190,maest_peak30_191,maest_peak30_192,maest_peak30_193,maest_peak30_194,maest_peak30_195,maest_peak30_196,maest_peak30_197,maest_peak30_198,maest_peak30_199,maest_peak30_200,maest_peak30_201,maest_peak30_202,maest_peak30_203,maest_peak30_204,maest_peak30_205,maest_peak30_206,maest_peak30_207,maest_peak30_208,maest_peak30_209,maest_peak30_210,maest_peak30_211,maest_peak30_212,maest_peak30_213,maest_peak30_214,maest_peak30_215,maest_peak30_216,maest_peak30_217,maest_peak30_218,maest_peak30_219,maest_peak30_220,maest_peak30_221,maest_peak30_222,maest_peak30_223,maest_peak30_224,maest_peak30_225,maest_peak30_226,maest_peak30_227,maest_peak30_228,maest_peak30_229,maest_peak30_230,maest_peak30_231,maest_peak30_232,maest_peak30_233,maest_peak30_234,maest_peak30_235,maest_peak30_236,maest_peak30_237,maest_peak30_238,maest_peak30_239,maest_peak30_240,maest_peak30_241,maest_peak30_242,maest_peak30_243,maest_peak30_244,maest_peak30_245,maest_peak30_246,maest_peak30_247,maest_peak30_248,maest_peak30_249,maest_peak30_250,maest_peak30_251,maest_peak30_252,maest_peak30_253,maest_peak30_254,maest_peak30_255,maest_peak30_256,maest_peak30_257,maest_peak30_258,maest_peak30_259,maest_peak30_260,maest_peak30_261,maest_peak30_262,maest_peak30_263,maest_peak30_264,maest_peak30_265,maest_peak30_266,maest_peak30_267,maest_peak30_268,maest_peak30_269,maest_peak30_270,maest_peak30_271,maest_peak30_272,maest_peak30_273,maest_peak30_274,maest_peak30_275,maest_peak30_276,maest_peak30_277,maest_peak30_278,maest_peak30_279,maest_peak30_280,maest_peak30_281,maest_peak30_282,maest_peak30_283,maest_peak30_284,maest_peak30_285,maest_peak30_286,maest_peak30_287,maest_peak30_288,maest_peak30_289,maest_peak30_290,maest_peak30_291,maest_peak30_292,maest_peak30_293,maest_peak30_294,maest_peak30_295,maest_peak30_296,maest_peak30_297,maest_peak30_298,maest_peak30_299,maest_peak30_300,maest_peak30_301,maest_peak30_302,maest_peak30_303,maest_peak30_304,maest_peak30_305,maest_peak30_306,maest_peak30_307,maest_peak30_308,maest_peak30_309,maest_peak30_310,maest_peak30_311,maest_peak30_312,maest_peak30_313,maest_peak30_314,maest_peak30_315,maest_peak30_316,maest_peak30_317,maest_peak30_318,maest_peak30_319,maest_peak30_320,maest_peak30_321,maest_peak30_322,maest_peak30_323,maest_peak30_324,maest_peak30_325,maest_peak30_326,maest_peak30_327,maest_peak30_328,maest_peak30_329,maest_peak30_330,maest_peak30_331,maest_peak30_332,maest_peak30_333,maest_peak30_334,maest_peak30_335,maest_peak30_336,maest_peak30_337,maest_peak30_338,maest_peak30_339,maest_peak30_340,maest_peak30_341,maest_peak30_342,maest_peak30_343,maest_peak30_344,maest_peak30_345,maest_peak30_346,maest_peak30_347,maest_peak30_348,maest_peak30_349,maest_peak30_350,maest_peak30_351,maest_peak30_352,maest_peak30_353,maest_peak30_354,maest_peak30_355,maest_peak30_356,maest_peak30_357,maest_peak30_358,maest_peak30_359,maest_peak30_360,maest_peak30_361,maest_peak30_362,maest_peak30_363,maest_peak30_364,maest_peak30_365,maest_peak30_366,maest_peak30_367,maest_peak30_368,maest_peak30_369,maest_peak30_370,maest_peak30_371,maest_peak30_372,maest_peak30_373,maest_peak30_374,maest_peak30_375,maest_peak30_376,maest_peak30_377,maest_peak30_378,maest_peak30_379,maest_peak30_380,maest_peak30_381,maest_peak30_382,maest_peak30_383,maest_peak30_384,maest_peak30_385,maest_peak30_386,maest_peak30_387,maest_peak30_388,maest_peak30_389,maest_peak30_390,maest_peak30_391,maest_peak30_392,maest_peak30_393,maest_peak30_394,maest_peak30_395,maest_peak30_396,maest_peak30_397,maest_peak30_398,maest_peak30_399,maest_peak30_400,maest_peak30_401,maest_peak30_402,maest_peak30_403,maest_peak30_404,maest_peak30_405,maest_peak30_406,maest_peak30_407,maest_peak30_408,maest_peak30_409,maest_peak30_410,maest_peak30_411,maest_peak30_412,maest_peak30_413,maest_peak30_414,maest_peak30_415,maest_peak30_416,maest_peak30_417,maest_peak30_418,maest_peak30_419,maest_peak30_420,maest_peak30_421,maest_peak30_422,maest_peak30_423,maest_peak30_424,maest_peak30_425,maest_peak30_426,maest_peak30_427,maest_peak30_428,maest_peak30_429,maest_peak30_430,maest_peak30_431,maest_peak30_432,maest_peak30_433,maest_peak30_434,maest_peak30_435,maest_peak30_436,maest_peak30_437,maest_peak30_438,maest_peak30_439,maest_peak30_440,maest_peak30_441,maest_peak30_442,maest_peak30_443,maest_peak30_444,maest_peak30_445,maest_peak30_446,maest_peak30_447,maest_peak30_448,maest_peak30_449,maest_peak30_450,maest_peak30_451,maest_peak30_452,maest_peak30_453,maest_peak30_454,maest_peak30_455,maest_peak30_456,maest_peak30_457,maest_peak30_458,maest_peak30_459,maest_peak30_460,maest_peak30_461,maest_peak30_462,maest_peak30_463,maest_peak30_464,maest_peak30_465,maest_peak30_466,maest_peak30_467,maest_peak30_468,maest_peak30_469,maest_peak30_470,maest_peak30_471,maest_peak30_472,maest_peak30_473,maest_peak30_474,maest_peak30_475,maest_peak30_476,maest_peak30_477,maest_peak30_478,maest_peak30_479,maest_peak30_480,maest_peak30_481,maest_peak30_482,maest_peak30_483,maest_peak30_484,maest_peak30_485,maest_peak30_486,maest_peak30_487,maest_peak30_488,maest_peak30_489,maest_peak30_490,maest_peak30_491,maest_peak30_492,maest_peak30_493,maest_peak30_494,maest_peak30_495,maest_peak30_496,maest_peak30_497,maest_peak30_498,maest_peak30_499,maest_peak30_500,maest_peak30_501,maest_peak30_502,maest_peak30_503,maest_peak30_504,maest_peak30_505,maest_peak30_506,maest_peak30_507,maest_peak30_508,maest_peak30_509,maest_peak30_510,maest_peak30_511,maest_peak30_512,maest_peak30_513,maest_peak30_514,maest_peak30_515,maest_peak30_516,maest_peak30_517,maest_peak30_518,maest_peak30_519,maest_peak30_520,maest_peak30_521,maest_peak30_522,maest_peak30_523,maest_peak30_524,maest_peak30_525,maest_peak30_526,maest_peak30_527,maest_peak30_528,maest_peak30_529,maest_peak30_530,maest_peak30_531,maest_peak30_532,maest_peak30_533,maest_peak30_534,maest_peak30_535,maest_peak30_536,maest_peak30_537,maest_peak30_538,maest_peak30_539,maest_peak30_540,maest_peak30_541,maest_peak30_542,maest_peak30_543,maest_peak30_544,maest_peak30_545,maest_peak30_546,maest_peak30_547,maest_peak30_548,maest_peak30_549,maest_peak30_550,maest_peak30_551,maest_peak30_552,maest_peak30_553,maest_peak30_554,maest_peak30_555,maest_peak30_556,maest_peak30_557,maest_peak30_558,maest_peak30_559,maest_peak30_560,maest_peak30_561,maest_peak30_562,maest_peak30_563,maest_peak30_564,maest_peak30_565,maest_peak30_566,maest_peak30_567,maest_peak30_568,maest_peak30_569,maest_peak30_570,maest_peak30_571,maest_peak30_572,maest_peak30_573,maest_peak30_574,maest_peak30_575,maest_peak30_576,maest_peak30_577,maest_peak30_578,maest_peak30_579,maest_peak30_580,maest_peak30_581,maest_peak30_582,maest_peak30_583,maest_peak30_584,maest_peak30_585,maest_peak30_586,maest_peak30_587,maest_peak30_588,maest_peak30_589,maest_peak30_590,maest_peak30_591,maest_peak30_592,maest_peak30_593,maest_peak30_594,maest_peak30_595,maest_peak30_596,maest_peak30_597,maest_peak30_598,maest_peak30_599,maest_peak30_600,maest_peak30_601,maest_peak30_602,maest_peak30_603,maest_peak30_604,maest_peak30_605,maest_peak30_606,maest_peak30_607,maest_peak30_608,maest_peak30_609,maest_peak30_610,maest_peak30_611,maest_peak30_612,maest_peak30_613,maest_peak30_614,maest_peak30_615,maest_peak30_616,maest_peak30_617,maest_peak30_618,maest_peak30_619,maest_peak30_620,maest_peak30_621,maest_peak30_622,maest_peak30_623,maest_peak30_624,maest_peak30_625,maest_peak30_626,maest_peak30_627,maest_peak30_628,maest_peak30_629,maest_peak30_630,maest_peak30_631,maest_peak30_632,maest_peak30_633,maest_peak30_634,maest_peak30_635,maest_peak30_636,maest_peak30_637,maest_peak30_638,maest_peak30_639,maest_peak30_640,maest_peak30_641,maest_peak30_642,maest_peak30_643,maest_peak30_644,maest_peak30_645,maest_peak30_646,maest_peak30_647,maest_peak30_648,maest_peak30_649,maest_peak30_650,maest_peak30_651,maest_peak30_652,maest_peak30_653,maest_peak30_654,maest_peak30_655,maest_peak30_656,maest_peak30_657,maest_peak30_658,maest_peak30_659,maest_peak30_660,maest_peak30_661,maest_peak30_662,maest_peak30_663,maest_peak30_664,maest_peak30_665,maest_peak30_666,maest_peak30_667,maest_peak30_668,maest_peak30_669,maest_peak30_670,maest_peak30_671,maest_peak30_672,maest_peak30_673,maest_peak30_674,maest_peak30_675,maest_peak30_676,maest_peak30_677,maest_peak30_678,maest_peak30_679,maest_peak30_680,maest_peak30_681,maest_peak30_682,maest_peak30_683,maest_peak30_684,maest_peak30_685,maest_peak30_686,maest_peak30_687,maest_peak30_688,maest_peak30_689,maest_peak30_690,maest_peak30_691,maest_peak30_692,maest_peak30_693,maest_peak30_694,maest_peak30_695,maest_peak30_696,maest_peak30_697,maest_peak30_698,maest_peak30_699,maest_peak30_700,maest_peak30_701,maest_peak30_702,maest_peak30_703,maest_peak30_704,maest_peak30_705,maest_peak30_706,maest_peak30_707,maest_peak30_708,maest_peak30_709,maest_peak30_710,maest_peak30_711,maest_peak30_712,maest_peak30_713,maest_peak30_714,maest_peak30_715,maest_peak30_716,maest_peak30_717,maest_peak30_718,maest_peak30_719,maest_peak30_720,maest_peak30_721,maest_peak30_722,maest_peak30_723,maest_peak30_724,maest_peak30_725,maest_peak30_726,maest_peak30_727,maest_peak30_728,maest_peak30_729,maest_peak30_730,maest_peak30_731,maest_peak30_732,maest_peak30_733,maest_peak30_734,maest_peak30_735,maest_peak30_736,maest_peak30_737,maest_peak30_738,maest_peak30_739,maest_peak30_740,maest_peak30_741,maest_peak30_742,maest_peak30_743,maest_peak30_744,maest_peak30_745,maest_peak30_746,maest_peak30_747,maest_peak30_748,maest_peak30_749,maest_peak30_750,maest_peak30_751,maest_peak30_752,maest_peak30_753,maest_peak30_754,maest_peak30_755,maest_peak30_756,maest_peak30_757,maest_peak30_758,maest_peak30_759,maest_peak30_760,maest_peak30_761,maest_peak30_762,maest_peak30_763,maest_peak30_764,maest_peak30_765,maest_peak30_766,maest_peak30_767
warren,1,Used To Love,Martin Garrix/Dean Lewis,,Martin Garrix; Dean Lewis - Used To Love.mp3,,119,4.5317526,,,,,,,,,,,,,,,,,,,,,,,,,,,,,,,,,,,,,,,,,,,,,,,,,,,,,,,,,,,,,,,,,,,,,,,,,,,,,,,,,,,,,,,,,,,,,,,,,,,,,,,,,,,,,,,,,,,,,,,,,,,,,,,,,,,,,,,,,,,,,,,,,,,,,,,,,,,,,,,,,,,,,,,,,,,,,,,,,,,,,,,,,,,,,,,,,,,,,,,,,,,,,,,,,,,,,,,,,,,,,,,,,,,,,,,,,,,,,,,,,,,,,,,,,,,,,,,,,,,,,,,,,,,,,,,,,,,,,,,,,,,,,,,,,,,,,,,,,,,,,,,,,,,,,,,,,,,,,,,,,,,,,,,,,,,,,,,,,,,,,,,,,,,,,,,,,,,,,,,,,,,,,,,,,,,,,,,,,,,,,,,,,,,,,,,,,,,,,,,,,,,,,,,,,,,,,,,,,,,,,,,,,,,,,,,,,,,,,,,,,,,,,,,,,,,,,,,,,,,,,,,,,,,,,,,,,,,,,,,,,,,,,,,,,,,,,,,,,,,,,,,,,,,,,,,,,,,,,,,,,,,,,,,,,,,,,,,,,,,,,,,,,,,,,,,,,,,,,,,,,,,,,,,,,,,,,,,,,,,,,,,,,,,,,,,,,,,,,,,,,,,,,,,,,,,,,,,,,,,,,,,,,,,,,,,,,,,,,,,,,,,,,,,,,,,,,,,,,,,,,,,,,,,,,,,,,,,,,,,,,,,,,,,,,,,,,,,,,,,,,,,,,,,,,,,,,,,,,,,,,,,,,,,,,,,,,,,,,,,,,,,,,,,,,,,,,,,,,,,,,,,,,,,,,,,,,,,,,,,,,,,,,,,,,,,,,,,,,,,,,,,,,,,,,,,,,,,,,,,,,,,,,,,,,,,,,,,,,,,,,,,,,,,,,,,,,,,,,,,,,,,,,,,,,,,,,,,,,,,,,,,,,,,,,,,,,,,,,,,,,,,,,,,,,,,,,,,,,,,,,,,,,,,,,,,,,,,,,,,,,,,,,,,,,,,,,,,,,,,,,,,,,,,,,,,,,,,,,,,,,,,,,,,,,,,,,,,,,,,,,,,,,,,,,,,,,,,,,,,,,,,,,,,,,,,,,,,,,,,,,,,,,,,,,,,,,,,,,,,,,,,,,,,,,,,,,,,,,,,,,,,,,,,,,,,,,,,,,,,,,,,,,,,,,,,,,,,,,,,,,,,,,,,,,,,,,,,,,,,,,,,,,,,,,,,,,,,,,,,,,,,,,,,,,,,,,,,,,,,,,,,,,,,,,,,,,,,,,,,,,,,,,,,,,,,,,,,,,,,,,,,,,,,,,,,,,,,,,,,,,,,,,,,,,,,,,,,,,,,,,,,,,,,,,,,,,,,,,,,,,,,,,,,,,,,,,,,,,,,,,,,,,,,,,,,,,,,,,,,,,,,,,,,,,,,,,,,,,,,,,,,,,,,,,,,,,,,,,,,,,,,,,,,,,,,,,,,,,,,,,,,,,,,,,,,,,,,,,,,,,,,,,,,,,,,,,,,,,,,,,,,,,,,,,,,,,,,,,,,,,,,,,,,,,,,,,,,,,,,,,,,,,,,,,,,,,,,,,,,,,,,,,,,,,,,,,,,,,,,,,,,,,,,,,,,,,,,,,,,,,,,,,,,,,,,,,,,,,,,
warren,2,Ocean (Don Diablo Remix),Martin Garrix/Don Diablo/Khalid,,Martin Garrix; Don Diablo; Khalid - Ocean (Don Diablo Remix).mp3,,123,5.7740655,,,,,,,,,,,,,,,,,,,,,,,,,,,,,,,,,,,,,,,,,,,,,,,,,,,,,,,,,,,,,,,,,,,,,,,,,,,,,,,,,,,,,,,,,,,,,,,,,,,,,,,,,,,,,,,,,,,,,,,,,,,,,,,,,,,,,,,,,,,,,,,,,,,,,,,,,,,,,,,,,,,,,,,,,,,,,,,,,,,,,,,,,,,,,,,,,,,,,,,,,,,,,,,,,,,,,,,,,,,,,,,,,,,,,,,,,,,,,,,,,,,,,,,,,,,,,,,,,,,,,,,,,,,,,,,,,,,,,,,,,,,,,,,,,,,,,,,,,,,,,,,,,,,,,,,,,,,,,,,,,,,,,,,,,,,,,,,,,,,,,,,,,,,,,,,,,,,,,,,,,,,,,,,,,,,,,,,,,,,,,,,,,,,,,,,,,,,,,,,,,,,,,,,,,,,,,,,,,,,,,,,,,,,,,,,,,,,,,,,,,,,,,,,,,,,,,,,,,,,,,,,,,,,,,,,,,,,,,,,,,,,,,,,,,,,,,,,,,,,,,,,,,,,,,,,,,,,,,,,,,,,,,,,,,,,,,,,,,,,,,,,,,,,,,,,,,,,,,,,,,,,,,,,,,,,,,,,,,,,,,,,,,,,,,,,,,,,,,,,,,,,,,,,,,,,,,,,,,,,,,,,,,,,,,,,,,,,,,,,,,,,,,,,,,,,,,,,,,,,,,,,,,,,,,,,,,,,,,,,,,,,,,,,,,,,,,,,,,,,,,,,,,,,,,,,,,,,,,,,,,,,,,,,,,,,,,,,,,,,,,,,,,,,,,,,,,,,,,,,,,,,,,,,,,,,,,,,,,,,,,,,,,,,,,,,,,,,,,,,,,,,,,,,,,,,,,,,,,,,,,,,,,,,,,,,,,,,,,,,,,,,,,,,,,,,,,,,,,,,,,,,,,,,,,,,,,,,,,,,,,,,,,,,,,,,,,,,,,,,,,,,,,,,,,,,,,,,,,,,,,,,,,,,,,,,,,,,,,,,,,,,,,,,,,,,,,,,,,,,,,,,,,,,,,,,,,,,,,,,,,,,,,,,,,,,,,,,,,,,,,,,,,,,,,,,,,,,,,,,,,,,,,,,,,,,,,,,,,,,,,,,,,,,,,,,,,,,,,,,,,,,,,,,,,,,,,,,,,,,,,,,,,,,,,,,,,,,,,,,,,,,,,,,,,,,,,,,,,,,,,,,,,,,,,,,,,,,,,,,,,,,,,,,,,,,,,,,,,,,,,,,,,,,,,,,,,,,,,,,,,,,,,,,,,,,,,,,,,,,,,,,,,,,,,,,,,,,,,,,,,,,,,,,,,,,,,,,,,,,,,,,,,,,,,,,,,,,,,,,,,,,,,,,,,,,,,,,,,,,,,,,,,,,,,,,,,,,,,,,,,,,,,,,,,,,,,,,,,,,,,,,,,,,,,,,,,,,,,,,,,,,,,,,,,,,,,,,,,,,,,,,,,,,,,,,,,,,,,,,,,,,,,,,,,,,,,,,,,,,,,,,,,,,,,,,,,,,,,,,,,,,,,,,,,,,,,,,,,,,,,,,,,,,,,,,,,,,,,,,,,,,,,,,,,,,,,,,,,,,,,,,,,,,,,,,,,,,,,,,,,,,,,,,,,,,,,,,,,,,,,,,,,,,,,,,,,,,,,,,
warren,3,Empty,Martin Garrix/DubVision/Jaimes,,Martin Garrix; DubVision; Jaimes - Empty.mp3,,127,6.0364552,,,,,,,,,,,,,,,,,,,,,,,,,,,,,,,,,,,,,,,,,,,,,,,,,,,,,,,,,,,,,,,,,,,,,,,,,,,,,,,,,,,,,,,,,,,,,,,,,,,,,,,,,,,,,,,,,,,,,,,,,,,,,,,,,,,,,,,,,,,,,,,,,,,,,,,,,,,,,,,,,,,,,,,,,,,,,,,,,,,,,,,,,,,,,,,,,,,,,,,,,,,,,,,,,,,,,,,,,,,,,,,,,,,,,,,,,,,,,,,,,,,,,,,,,,,,,,,,,,,,,,,,,,,,,,,,,,,,,,,,,,,,,,,,,,,,,,,,,,,,,,,,,,,,,,,,,,,,,,,,,,,,,,,,,,,,,,,,,,,,,,,,,,,,,,,,,,,,,,,,,,,,,,,,,,,,,,,,,,,,,,,,,,,,,,,,,,,,,,,,,,,,,,,,,,,,,,,,,,,,,,,,,,,,,,,,,,,,,,,,,,,,,,,,,,,,,,,,,,,,,,,,,,,,,,,,,,,,,,,,,,,,,,,,,,,,,,,,,,,,,,,,,,,,,,,,,,,,,,,,,,,,,,,,,,,,,,,,,,,,,,,,,,,,,,,,,,,,,,,,,,,,,,,,,,,,,,,,,,,,,,,,,,,,,,,,,,,,,,,,,,,,,,,,,,,,,,,,,,,,,,,,,,,,,,,,,,,,,,,,,,,,,,,,,,,,,,,,,,,,,,,,,,,,,,,,,,,,,,,,,,,,,,,,,,,,,,,,,,,,,,,,,,,,,,,,,,,,,,,,,,,,,,,,,,,,,,,,,,,,,,,,,,,,,,,,,,,,,,,,,,,,,,,,,,,,,,,,,,,,,,,,,,,,,,,,,,,,,,,,,,,,,,,,,,,,,,,,,,,,,,,,,,,,,,,,,,,,,,,,,,,,,,,,,,,,,,,,,,,,,,,,,,,,,,,,,,,,,,,,,,,,,,,,,,,,,,,,,,,,,,,,,,,,,,,,,,,,,,,,,,,,,,,,,,,,,,,,,,,,,,,,,,,,,,,,,,,,,,,,,,,,,,,,,,,,,,,,,,,,,,,,,,,,,,,,,,,,,,,,,,,,,,,,,,,,,,,,,,,,,,,,,,,,,,,,,,,,,,,,,,,,,,,,,,,,,,,,,,,,,,,,,,,,,,,,,,,,,,,,,,,,,,,,,,,,,,,,,,,,,,,,,,,,,,,,,,,,,,,,,,,,,,,,,,,,,,,,,,,,,,,,,,,,,,,,,,,,,,,,,,,,,,,,,,,,,,,,,,,,,,,,,,,,,,,,,,,,,,,,,,,,,,,,,,,,,,,,,,,,,,,,,,,,,,,,,,,,,,,,,,,,,,,,,,,,,,,,,,,,,,,,,,,,,,,,,,,,,,,,,,,,,,,,,,,,,,,,,,,,,,,,,,,,,,,,,,,,,,,,,,,,,,,,,,,,,,,,,,,,,,,,,,,,,,,,,,,,,,,,,,,,,,,,,,,,,,,,,,,,,,,,,,,,,,,,,,,,,,,,,,,,,,,,,,,,,,,,,,,,,,,,,,,,,,,,,,,,,,,,,,,,,,,,,,,,,,,,,,,,,,,,,,,,,,,,,,,,,,,,,,,,,,,,,,,,,,,,,,,,,,,,,,,,,,,,,,,,,,,,,,,,,,,,,,,,,,,,,,,
warren,4,Latency,Martin Garrix/Dyro,,Martin Garrix; Dyro - Latency.mp3,,128,7.4701734,,,,,,,,,,,,,,,,,,,,,,,,,,,,,,,,,,,,,,,,,,,,,,,,,,,,,,,,,,,,,,,,,,,,,,,,,,,,,,,,,,,,,,,,,,,,,,,,,,,,,,,,,,,,,,,,,,,,,,,,,,,,,,,,,,,,,,,,,,,,,,,,,,,,,,,,,,,,,,,,,,,,,,,,,,,,,,,,,,,,,,,,,,,,,,,,,,,,,,,,,,,,,,,,,,,,,,,,,,,,,,,,,,,,,,,,,,,,,,,,,,,,,,,,,,,,,,,,,,,,,,,,,,,,,,,,,,,,,,,,,,,,,,,,,,,,,,,,,,,,,,,,,,,,,,,,,,,,,,,,,,,,,,,,,,,,,,,,,,,,,,,,,,,,,,,,,,,,,,,,,,,,,,,,,,,,,,,,,,,,,,,,,,,,,,,,,,,,,,,,,,,,,,,,,,,,,,,,,,,,,,,,,,,,,,,,,,,,,,,,,,,,,,,,,,,,,,,,,,,,,,,,,,,,,,,,,,,,,,,,,,,,,,,,,,,,,,,,,,,,,,,,,,,,,,,,,,,,,,,,,,,,,,,,,,,,,,,,,,,,,,,,,,,,,,,,,,,,,,,,,,,,,,,,,,,,,,,,,,,,,,,,,,,,,,,,,,,,,,,,,,,,,,,,,,,,,,,,,,,,,,,,,,,,,,,,,,,,,,,,,,,,,,,,,,,,,,,,,,,,,,,,,,,,,,,,,,,,,,,,,,,,,,,,,,,,,,,,,,,,,,,,,,,,,,,,,,,,,,,,,,,,,,,,,,,,,,,,,,,,,,,,,,,,,,,,,,,,,,,,,,,,,,,,,,,,,,,,,,,,,,,,,,,,,,,,,,,,,,,,,,,,,,,,,,,,,,,,,,,,,,,,,,,,,,,,,,,,,,,,,,,,,,,,,,,,,,,,,,,,,,,,,,,,,,,,,,,,,,,,,,,,,,,,,,,,,,,,,,,,,,,,,,,,,,,,,,,,,,,,,,,,,,,,,,,,,,,,,,,,,,,,,,,,,,,,,,,,,,,,,,,,,,,,,,,,,,,,,,,,,,,,,,,,,,,,,,,,,,,,,,,,,,,,,,,,,,,,,,,,,,,,,,,,,,,,,,,,,,,,,,,,,,,,,,,,,,,,,,,,,,,,,,,,,,,,,,,,,,,,,,,,,,,,,,,,,,,,,,,,,,,,,,,,,,,,,,,,,,,,,,,,,,,,,,,,,,,,,,,,,,,,,,,,,,,,,,,,,,,,,,,,,,,,,,,,,,,,,,,,,,,,,,,,,,,,,,,,,,,,,,,,,,,,,,,,,,,,,,,,,,,,,,,,,,,,,,,,,,,,,,,,,,,,,,,,,,,,,,,,,,,,,,,,,,,,,,,,,,,,,,,,,,,,,,,,,,,,,,,,,,,,,,,,,,,,,,,,,,,,,,,,,,,,,,,,,,,,,,,,,,,,,,,,,,,,,,,,,,,,,,,,,,,,,,,,,,,,,,,,,,,,,,,,,,,,,,,,,,,,,,,,,,,,,,,,,,,,,,,,,,,,,,,,,,,,,,,,,,,,,,,,,,,,,,,,,,,,,,,,,,,,,,,,,,,,,,,,,,,,,,,,,,,,,,,,,,,,,,,,,,,,,,,,,,,,,,,,,,,,,,,,,,,,,,,,,,,,,,,
warren,5,Love Runs Out,Martin Garrix/G-Eazy/Sasha Alex Sloan,,Martin Garrix; G-Eazy; Sasha Alex Sloan - Love Runs Out.mp3,,90,4.7311344,,,,,,,,,,,,,,,,,,,,,,,,,,,,,,,,,,,,,,,,,,,,,,,,,,,,,,,,,,,,,,,,,,,,,,,,,,,,,,,,,,,,,,,,,,,,,,,,,,,,,,,,,,,,,,,,,,,,,,,,,,,,,,,,,,,,,,,,,,,,,,,,,,,,,,,,,,,,,,,,,,,,,,,,,,,,,,,,,,,,,,,,,,,,,,,,,,,,,,,,,,,,,,,,,,,,,,,,,,,,,,,,,,,,,,,,,,,,,,,,,,,,,,,,,,,,,,,,,,,,,,,,,,,,,,,,,,,,,,,,,,,,,,,,,,,,,,,,,,,,,,,,,,,,,,,,,,,,,,,,,,,,,,,,,,,,,,,,,,,,,,,,,,,,,,,,,,,,,,,,,,,,,,,,,,,,,,,,,,,,,,,,,,,,,,,,,,,,,,,,,,,,,,,,,,,,,,,,,,,,,,,,,,,,,,,,,,,,,,,,,,,,,,,,,,,,,,,,,,,,,,,,,,,,,,,,,,,,,,,,,,,,,,,,,,,,,,,,,,,,,,,,,,,,,,,,,,,,,,,,,,,,,,,,,,,,,,,,,,,,,,,,,,,,,,,,,,,,,,,,,,,,,,,,,,,,,,,,,,,,,,,,,,,,,,,,,,,,,,,,,,,,,,,,,,,,,,,,,,,,,,,,,,,,,,,,,,,,,,,,,,,,,,,,,,,,,,,,,,,,,,,,,,,,,,,,,,,,,,,,,,,,,,,,,,,,,,,,,,,,,,,,,,,,,,,,,,,,,,,,,,,,,,,,,,,,,,,,,,,,,,,,,,,,,,,,,,,,,,,,,,,,,,,,,,,,,,,,,,,,,,,,,,,,,,,,,,,,,,,,,,,,,,,,,,,,,,,,,,,,,,,,,,,,,,,,,,,,,,,,,,,,,,,,,,,,,,,,,,,,,,,,,,,,,,,,,,,,,,,,,,,,,,,,,,,,,,,,,,,,,,,,,,,,,,,,,,,,,,,,,,,,,,,,,,,,,,,,,,,,,,,,,,,,,,,,,,,,,,,,,,,,,,,,,,,,,,,,,,,,,,,,,,,,,,,,,,,,,,,,,,,,,,,,,,,,,,,,,,,,,,,,,,,,,,,,,,,,,,,,,,,,,,,,,,,,,,,,,,,,,,,,,,,,,,,,,,,,,,,,,,,,,,,,,,,,,,,,,,,,,,,,,,,,,,,,,,,,,,,,,,,,,,,,,,,,,,,,,,,,,,,,,,,,,,,,,,,,,,,,,,,,,,,,,,,,,,,,,,,,,,,,,,,,,,,,,,,,,,,,,,,,,,,,,,,,,,,,,,,,,,,,,,,,,,,,,,,,,,,,,,,,,,,,,,,,,,,,,,,,,,,,,,,,,,,,,,,,,,,,,,,,,,,,,,,,,,,,,,,,,,,,,,,,,,,,,,,,,,,,,,,,,,,,,,,,,,,,,,,,,,,,,,,,,,,,,,,,,,,,,,,,,,,,,,,,,,,,,,,,,,,,,,,,,,,,,,,,,,,,,,,,,,,,,,,,,,,,,,,,,,,,,,,,,,,,,,,,,,,,,,,,,,,,,,,,,,,,,,,,,,,,,,,,,,,,,,,,,,,,,,,,,,,,,,,,,,,,,,,,,,,,,,,,,,,,,,,,,,,,,,,,,,,,,,,,,,,,,,,
warren,6,Wizard (Original Mix),Martin Garrix/Jay Hardway,,Martin Garrix; Jay Hardway - Wizard (Original Mix).mp3,,128,7.7281141,,,,,,,,,,,,,,,,,,,,,,,,,,,,,,,,,,,,,,,,,,,,,,,,,,,,,,,,,,,,,,,,,,,,,,,,,,,,,,,,,,,,,,,,,,,,,,,,,,,,,,,,,,,,,,,,,,,,,,,,,,,,,,,,,,,,,,,,,,,,,,,,,,,,,,,,,,,,,,,,,,,,,,,,,,,,,,,,,,,,,,,,,,,,,,,,,,,,,,,,,,,,,,,,,,,,,,,,,,,,,,,,,,,,,,,,,,,,,,,,,,,,,,,,,,,,,,,,,,,,,,,,,,,,,,,,,,,,,,,,,,,,,,,,,,,,,,,,,,,,,,,,,,,,,,,,,,,,,,,,,,,,,,,,,,,,,,,,,,,,,,,,,,,,,,,,,,,,,,,,,,,,,,,,,,,,,,,,,,,,,,,,,,,,,,,,,,,,,,,,,,,,,,,,,,,,,,,,,,,,,,,,,,,,,,,,,,,,,,,,,,,,,,,,,,,,,,,,,,,,,,,,,,,,,,,,,,,,,,,,,,,,,,,,,,,,,,,,,,,,,,,,,,,,,,,,,,,,,,,,,,,,,,,,,,,,,,,,,,,,,,,,,,,,,,,,,,,,,,,,,,,,,,,,,,,,,,,,,,,,,,,,,,,,,,,,,,,,,,,,,,,,,,,,,,,,,,,,,,,,,,,,,,,,,,,,,,,,,,,,,,,,,,,,,,,,,,,,,,,,,,,,,,,,,,,,,,,,,,,,,,,,,,,,,,,,,,,,,,,,,,,,,,,,,,,,,,,,,,,,,,,,,,,,,,,,,,,,,,,,,,,,,,,,,,,,,,,,,,,,,,,,,,,,,,,,,,,,,,,,,,,,,,,,,,,,,,,,,,,,,,,,,,,,,,,,,,,,,,,,,,,,,,,,,,,,,,,,,,,,,,,,,,,,,,,,,,,,,,,,,,,,,,,,,,,,,,,,,,,,,,,,,,,,,,,,,,,,,,,,,,,,,,,,,,,,,,,,,,,,,,,,,,,,,,,,,,,,,,,,,,,,,,,,,,,,,,,,,,,,,,,,,,,,,,,,,,,,,,,,,,,,,,,,,,,,,,,,,,,,,,,,,,,,,,,,,,,,,,,,,,,,,,,,,,,,,,,,,,,,,,,,,,,,,,,,,,,,,,,,,,,,,,,,,,,,,,,,,,,,,,,,,,,,,,,,,,,,,,,,,,,,,,,,,,,,,,,,,,,,,,,,,,,,,,,,,,,,,,,,,,,,,,,,,,,,,,,,,,,,,,,,,,,,,,,,,,,,,,,,,,,,,,,,,,,,,,,,,,,,,,,,,,,,,,,,,,,,,,,,,,,,,,,,,,,,,,,,,,,,,,,,,,,,,,,,,,,,,,,,,,,,,,,,,,,,,,,,,,,,,,,,,,,,,,,,,,,,,,,,,,,,,,,,,,,,,,,,,,,,,,,,,,,,,,,,,,,,,,,,,,,,,,,,,,,,,,,,,,,,,,,,,,,,,,,,,,,,,,,,,,,,,,,,,,,,,,,,,,,,,,,,,,,,,,,,,,,,,,,,,,,,,,,,,,,,,,,,,,,,,,,,,,,,,,,,,,,,,,,,,,,,,,,,,,,,,,,,,,,,,,,,,,,,,,,,,,,,,,,,,,,,,,,,,,,,,,,,,,,,,,,,,,,,,,,,,,,,,,,
warren,7,These Are The Times,Martin Garrix/JRM,,Martin Garrix; JRM - These Are The Times.mp3,,127,5.5316834,,,,,,,,,,,,,,,,,,,,,,,,,,,,,,,,,,,,,,,,,,,,,,,,,,,,,,,,,,,,,,,,,,,,,,,,,,,,,,,,,,,,,,,,,,,,,,,,,,,,,,,,,,,,,,,,,,,,,,,,,,,,,,,,,,,,,,,,,,,,,,,,,,,,,,,,,,,,,,,,,,,,,,,,,,,,,,,,,,,,,,,,,,,,,,,,,,,,,,,,,,,,,,,,,,,,,,,,,,,,,,,,,,,,,,,,,,,,,,,,,,,,,,,,,,,,,,,,,,,,,,,,,,,,,,,,,,,,,,,,,,,,,,,,,,,,,,,,,,,,,,,,,,,,,,,,,,,,,,,,,,,,,,,,,,,,,,,,,,,,,,,,,,,,,,,,,,,,,,,,,,,,,,,,,,,,,,,,,,,,,,,,,,,,,,,,,,,,,,,,,,,,,,,,,,,,,,,,,,,,,,,,,,,,,,,,,,,,,,,,,,,,,,,,,,,,,,,,,,,,,,,,,,,,,,,,,,,,,,,,,,,,,,,,,,,,,,,,,,,,,,,,,,,,,,,,,,,,,,,,,,,,,,,,,,,,,,,,,,,,,,,,,,,,,,,,,,,,,,,,,,,,,,,,,,,,,,,,,,,,,,,,,,,,,,,,,,,,,,,,,,,,,,,,,,,,,,,,,,,,,,,,,,,,,,,,,,,,,,,,,,,,,,,,,,,,,,,,,,,,,,,,,,,,,,,,,,,,,,,,,,,,,,,,,,,,,,,,,,,,,,,,,,,,,,,,,,,,,,,,,,,,,,,,,,,,,,,,,,,,,,,,,,,,,,,,,,,,,,,,,,,,,,,,,,,,,,,,,,,,,,,,,,,,,,,,,,,,,,,,,,,,,,,,,,,,,,,,,,,,,,,,,,,,,,,,,,,,,,,,,,,,,,,,,,,,,,,,,,,,,,,,,,,,,,,,,,,,,,,,,,,,,,,,,,,,,,,,,,,,,,,,,,,,,,,,,,,,,,,,,,,,,,,,,,,,,,,,,,,,,,,,,,,,,,,,,,,,,,,,,,,,,,,,,,,,,,,,,,,,,,,,,,,,,,,,,,,,,,,,,,,,,,,,,,,,,,,,,,,,,,,,,,,,,,,,,,,,,,,,,,,,,,,,,,,,,,,,,,,,,,,,,,,,,,,,,,,,,,,,,,,,,,,,,,,,,,,,,,,,,,,,,,,,,,,,,,,,,,,,,,,,,,,,,,,,,,,,,,,,,,,,,,,,,,,,,,,,,,,,,,,,,,,,,,,,,,,,,,,,,,,,,,,,,,,,,,,,,,,,,,,,,,,,,,,,,,,,,,,,,,,,,,,,,,,,,,,,,,,,,,,,,,,,,,,,,,,,,,,,,,,,,,,,,,,,,,,,,,,,,,,,,,,,,,,,,,,,,,,,,,,,,,,,,,,,,,,,,,,,,,,,,,,,,,,,,,,,,,,,,,,,,,,,,,,,,,,,,,,,,,,,,,,,,,,,,,,,,,,,,,,,,,,,,,,,,,,,,,,,,,,,,,,,,,,,,,,,,,,,,,,,,,,,,,,,,,,,,,,,,,,,,,,,,,,,,,,,,,,,,,,,,,,,,,,,,,,,,,,,,,,,,,,,,,,,,,,,,,,,,,,,,,,,,,,,,,,,,,,,,,,,,,,,,,,,,,,,,,,
warren,8,These Are The Times (Dyro Remix),Martin Garrix/JRM/Dyro,,Martin Garrix; JRM; Dyro - These Are The Times (Dyro Remix).mp3,,127,7.1054578,,,,,,,,,,,,,,,,,,,,,,,,,,,,,,,,,,,,,,,,,,,,,,,,,,,,,,,,,,,,,,,,,,,,,,,,,,,,,,,,,,,,,,,,,,,,,,,,,,,,,,,,,,,,,,,,,,,,,,,,,,,,,,,,,,,,,,,,,,,,,,,,,,,,,,,,,,,,,,,,,,,,,,,,,,,,,,,,,,,,,,,,,,,,,,,,,,,,,,,,,,,,,,,,,,,,,,,,,,,,,,,,,,,,,,,,,,,,,,,,,,,,,,,,,,,,,,,,,,,,,,,,,,,,,,,,,,,,,,,,,,,,,,,,,,,,,,,,,,,,,,,,,,,,,,,,,,,,,,,,,,,,,,,,,,,,,,,,,,,,,,,,,,,,,,,,,,,,,,,,,,,,,,,,,,,,,,,,,,,,,,,,,,,,,,,,,,,,,,,,,,,,,,,,,,,,,,,,,,,,,,,,,,,,,,,,,,,,,,,,,,,,,,,,,,,,,,,,,,,,,,,,,,,,,,,,,,,,,,,,,,,,,,,,,,,,,,,,,,,,,,,,,,,,,,,,,,,,,,,,,,,,,,,,,,,,,,,,,,,,,,,,,,,,,,,,,,,,,,,,,,,,,,,,,,,,,,,,,,,,,,,,,,,,,,,,,,,,,,,,,,,,,,,,,,,,,,,,,,,,,,,,,,,,,,,,,,,,,,,,,,,,,,,,,,,,,,,,,,,,,,,,,,,,,,,,,,,,,,,,,,,,,,,,,,,,,,,,,,,,,,,,,,,,,,,,,,,,,,,,,,,,,,,,,,,,,,,,,,,,,,,,,,,,,,,,,,,,,,,,,,,,,,,,,,,,,,,,,,,,,,,,,,,,,,,,,,,,,,,,,,,,,,,,,,,,,,,,,,,,,,,,,,,,,,,,,,,,,,,,,,,,,,,,,,,,,,,,,,,,,,,,,,,,,,,,,,,,,,,,,,,,,,,,,,,,,,,,,,,,,,,,,,,,,,,,,,,,,,,,,,,,,,,,,,,,,,,,,,,,,,,,,,,,,,,,,,,,,,,,,,,,,,,,,,,,,,,,,,,,,,,,,,,,,,,,,,,,,,,,,,,,,,,,,,,,,,,,,,,,,,,,,,,,,,,,,,,,,,,,,,,,,,,,,,,,,,,,,,,,,,,,,,,,,,,,,,,,,,,,,,,,,,,,,,,,,,,,,,,,,,,,,,,,,,,,,,,,,,,,,,,,,,,,,,,,,,,,,,,,,,,,,,,,,,,,,,,,,,,,,,,,,,,,,,,,,,,,,,,,,,,,,,,,,,,,,,,,,,,,,,,,,,,,,,,,,,,,,,,,,,,,,,,,,,,,,,,,,,,,,,,,,,,,,,,,,,,,,,,,,,,,,,,,,,,,,,,,,,,,,,,,,,,,,,,,,,,,,,,,,,,,,,,,,,,,,,,,,,,,,,,,,,,,,,,,,,,,,,,,,,,,,,,,,,,,,,,,,,,,,,,,,,,,,,,,,,,,,,,,,,,,,,,,,,,,,,,,,,,,,,,,,,,,,,,,,,,,,,,,,,,,,,,,,,,,,,,,,,,,,,,,,,,,,,,,,,,,,,,,,,,,,,,,,,,,,,,,,,,,,,,,,,,,,,,,,,,,,,,,,,,,,,,,,,,,,,,,,,,,,,,,,,,,,,,,,,,,,,,
warren,9,Burn Out,Martin Garrix/Justin Mylo/Dewain Whitmore,,Martin Garrix; Justin Mylo; Dewain Whitmore - Burn Out.mp3,,128,5.8552613,,,,,,,,,,,,,,,,,,,,,,,,,,,,,,,,,,,,,,,,,,,,,,,,,,,,,,,,,,,,,,,,,,,,,,,,,,,,,,,,,,,,,,,,,,,,,,,,,,,,,,,,,,,,,,,,,,,,,,,,,,,,,,,,,,,,,,,,,,,,,,,,,,,,,,,,,,,,,,,,,,,,,,,,,,,,,,,,,,,,,,,,,,,,,,,,,,,,,,,,,,,,,,,,,,,,,,,,,,,,,,,,,,,,,,,,,,,,,,,,,,,,,,,,,,,,,,,,,,,,,,,,,,,,,,,,,,,,,,,,,,,,,,,,,,,,,,,,,,,,,,,,,,,,,,,,,,,,,,,,,,,,,,,,,,,,,,,,,,,,,,,,,,,,,,,,,,,,,,,,,,,,,,,,,,,,,,,,,,,,,,,,,,,,,,,,,,,,,,,,,,,,,,,,,,,,,,,,,,,,,,,,,,,,,,,,,,,,,,,,,,,,,,,,,,,,,,,,,,,,,,,,,,,,,,,,,,,,,,,,,,,,,,,,,,,,,,,,,,,,,,,,,,,,,,,,,,,,,,,,,,,,,,,,,,,,,,,,,,,,,,,,,,,,,,,,,,,,,,,,,,,,,,,,,,,,,,,,,,,,,,,,,,,,,,,,,,,,,,,,,,,,,,,,,,,,,,,,,,,,,,,,,,,,,,,,,,,,,,,,,,,,,,,,,,,,,,,,,,,,,,,,,,,,,,,,,,,,,,,,,,,,,,,,,,,,,,,,,,,,,,,,,,,,,,,,,,,,,,,,,,,,,,,,,,,,,,,,,,,,,,,,,,,,,,,,,,,,,,,,,,,,,,,,,,,,,,,,,,,,,,,,,,,,,,,,,,,,,,,,,,,,,,,,,,,,,,,,,,,,,,,,,,,,,,,,,,,,,,,,,,,,,,,,,,,,,,,,,,,,,,,,,,,,,,,,,,,,,,,,,,,,,,,,,,,,,,,,,,,,,,,,,,,,,,,,,,,,,,,,,,,,,,,,,,,,,,,,,,,,,,,,,,,,,,,,,,,,,,,,,,,,,,,,,,,,,,,,,,,,,,,,,,,,,,,,,,,,,,,,,,,,,,,,,,,,,,,,,,,,,,,,,,,,,,,,,,,,,,,,,,,,,,,,,,,,,,,,,,,,,,,,,,,,,,,,,,,,,,,,,,,,,,,,,,,,,,,,,,,,,,,,,,,,,,,,,,,,,,,,,,,,,,,,,,,,,,,,,,,,,,,,,,,,,,,,,,,,,,,,,,,,,,,,,,,,,,,,,,,,,,,,,,,,,,,,,,,,,,,,,,,,,,,,,,,,,,,,,,,,,,,,,,,,,,,,,,,,,,,,,,,,,,,,,,,,,,,,,,,,,,,,,,,,,,,,,,,,,,,,,,,,,,,,,,,,,,,,,,,,,,,,,,,,,,,,,,,,,,,,,,,,,,,,,,,,,,,,,,,,,,,,,,,,,,,,,,,,,,,,,,,,,,,,,,,,,,,,,,,,,,,,,,,,,,,,,,,,,,,,,,,,,,,,,,,,,,,,,,,,,,,,,,,,,,,,,,,,,,,,,,,,,,,,,,,,,,,,,,,,,,,,,,,,,,,,,,,,,,,,,,,,,,,,,,,,,,,,,,,,,,,,,,,,,,,,,,,,,,,,,,,,,,,,,,,,,,,,,,,
warren,10,Bouncybob,Martin Garrix/Justin Mylo/Mesto,,Martin Garrix; Justin Mylo; Mesto - Bouncybob.mp3,,128,5.5569615,,,,,,,,,,,,,,,,,,,,,,,,,,,,,,,,,,,,,,,,,,,,,,,,,,,,,,,,,,,,,,,,,,,,,,,,,,,,,,,,,,,,,,,,,,,,,,,,,,,,,,,,,,,,,,,,,,,,,,,,,,,,,,,,,,,,,,,,,,,,,,,,,,,,,,,,,,,,,,,,,,,,,,,,,,,,,,,,,,,,,,,,,,,,,,,,,,,,,,,,,,,,,,,,,,,,,,,,,,,,,,,,,,,,,,,,,,,,,,,,,,,,,,,,,,,,,,,,,,,,,,,,,,,,,,,,,,,,,,,,,,,,,,,,,,,,,,,,,,,,,,,,,,,,,,,,,,,,,,,,,,,,,,,,,,,,,,,,,,,,,,,,,,,,,,,,,,,,,,,,,,,,,,,,,,,,,,,,,,,,,,,,,,,,,,,,,,,,,,,,,,,,,,,,,,,,,,,,,,,,,,,,,,,,,,,,,,,,,,,,,,,,,,,,,,,,,,,,,,,,,,,,,,,,,,,,,,,,,,,,,,,,,,,,,,,,,,,,,,,,,,,,,,,,,,,,,,,,,,,,,,,,,,,,,,,,,,,,,,,,,,,,,,,,,,,,,,,,,,,,,,,,,,,,,,,,,,,,,,,,,,,,,,,,,,,,,,,,,,,,,,,,,,,,,,,,,,,,,,,,,,,,,,,,,,,,,,,,,,,,,,,,,,,,,,,,,,,,,,,,,,,,,,,,,,,,,,,,,,,,,,,,,,,,,,,,,,,,,,,,,,,,,,,,,,,,,,,,,,,,,,,,,,,,,,,,,,,,,,,,,,,,,,,,,,,,,,,,,,,,,,,,,,,,,,,,,,,,,,,,,,,,,,,,,,,,,,,,,,,,,,,,,,,,,,,,,,,,,,,,,,,,,,,,,,,,,,,,,,,,,,,,,,,,,,,,,,,,,,,,,,,,,,,,,,,,,,,,,,,,,,,,,,,,,,,,,,,,,,,,,,,,,,,,,,,,,,,,,,,,,,,,,,,,,,,,,,,,,,,,,,,,,,,,,,,,,,,,,,,,,,,,,,,,,,,,,,,,,,,,,,,,,,,,,,,,,,,,,,,,,,,,,,,,,,,,,,,,,,,,,,,,,,,,,,,,,,,,,,,,,,,,,,,,,,,,,,,,,,,,,,,,,,,,,,,,,,,,,,,,,,,,,,,,,,,,,,,,,,,,,,,,,,,,,,,,,,,,,,,,,,,,,,,,,,,,,,,,,,,,,,,,,,,,,,,,,,,,,,,,,,,,,,,,,,,,,,,,,,,,,,,,,,,,,,,,,,,,,,,,,,,,,,,,,,,,,,,,,,,,,,,,,,,,,,,,,,,,,,,,,,,,,,,,,,,,,,,,,,,,,,,,,,,,,,,,,,,,,,,,,,,,,,,,,,,,,,,,,,,,,,,,,,,,,,,,,,,,,,,,,,,,,,,,,,,,,,,,,,,,,,,,,,,,,,,,,,,,,,,,,,,,,,,,,,,,,,,,,,,,,,,,,,,,,,,,,,,,,,,,,,,,,,,,,,,,,,,,,,,,,,,,,,,,,,,,,,,,,,,,,,,,,,,,,,,,,,,,,,,,,,,,,,,,,,,,,,,,,,,,,,,,,,,,,,,,,,,,,,,,,,,,,,,,,,,,,,,,,,,,,,,,,,,,,,,,,,,,,,,
warren,11,Hero,Martin Garrix/JVKE,,Martin Garrix; JVKE - Hero.mp3,,84,6.247705,,,,,,,,,,,,,,,,,,,,,,,,,,,,,,,,,,,,,,,,,,,,,,,,,,,,,,,,,,,,,,,,,,,,,,,,,,,,,,,,,,,,,,,,,,,,,,,,,,,,,,,,,,,,,,,,,,,,,,,,,,,,,,,,,,,,,,,,,,,,,,,,,,,,,,,,,,,,,,,,,,,,,,,,,,,,,,,,,,,,,,,,,,,,,,,,,,,,,,,,,,,,,,,,,,,,,,,,,,,,,,,,,,,,,,,,,,,,,,,,,,,,,,,,,,,,,,,,,,,,,,,,,,,,,,,,,,,,,,,,,,,,,,,,,,,,,,,,,,,,,,,,,,,,,,,,,,,,,,,,,,,,,,,,,,,,,,,,,,,,,,,,,,,,,,,,,,,,,,,,,,,,,,,,,,,,,,,,,,,,,,,,,,,,,,,,,,,,,,,,,,,,,,,,,,,,,,,,,,,,,,,,,,,,,,,,,,,,,,,,,,,,,,,,,,,,,,,,,,,,,,,,,,,,,,,,,,,,,,,,,,,,,,,,,,,,,,,,,,,,,,,,,,,,,,,,,,,,,,,,,,,,,,,,,,,,,,,,,,,,,,,,,,,,,,,,,,,,,,,,,,,,,,,,,,,,,,,,,,,,,,,,,,,,,,,,,,,,,,,,,,,,,,,,,,,,,,,,,,,,,,,,,,,,,,,,,,,,,,,,,,,,,,,,,,,,,,,,,,,,,,,,,,,,,,,,,,,,,,,,,,,,,,,,,,,,,,,,,,,,,,,,,,,,,,,,,,,,,,,,,,,,,,,,,,,,,,,,,,,,,,,,,,,,,,,,,,,,,,,,,,,,,,,,,,,,,,,,,,,,,,,,,,,,,,,,,,,,,,,,,,,,,,,,,,,,,,,,,,,,,,,,,,,,,,,,,,,,,,,,,,,,,,,,,,,,,,,,,,,,,,,,,,,,,,,,,,,,,,,,,,,,,,,,,,,,,,,,,,,,,,,,,,,,,,,,,,,,,,,,,,,,,,,,,,,,,,,,,,,,,,,,,,,,,,,,,,,,,,,,,,,,,,,,,,,,,,,,,,,,,,,,,,,,,,,,,,,,,,,,,,,,,,,,,,,,,,,,,,,,,,,,,,,,,,,,,,,,,,,,,,,,,,,,,,,,,,,,,,,,,,,,,,,,,,,,,,,,,,,,,,,,,,,,,,,,,,,,,,,,,,,,,,,,,,,,,,,,,,,,,,,,,,,,,,,,,,,,,,,,,,,,,,,,,,,,,,,,,,,,,,,,,,,,,,,,,,,,,,,,,,,,,,,,,,,,,,,,,,,,,,,,,,,,,,,,,,,,,,,,,,,,,,,,,,,,,,,,,,,,,,,,,,,,,,,,,,,,,,,,,,,,,,,,,,,,,,,,,,,,,,,,,,,,,,,,,,,,,,,,,,,,,,,,,,,,,,,,,,,,,,,,,,,,,,,,,,,,,,,,,,,,,,,,,,,,,,,,,,,,,,,,,,,,,,,,,,,,,,,,,,,,,,,,,,,,,,,,,,,,,,,,,,,,,,,,,,,,,,,,,,,,,,,,,,,,,,,,,,,,,,,,,,,,,,,,,,,,,,,,,,,,,,,,,,,,,,,,,,,,,,,,,,,,,,,,,,,,,,,,,,,,,,,,,,,,,,,,,,,,,,,,,,,,,,,,,,,,,,,
warren,12,Ocean,Martin Garrix/Khalid,,Martin Garrix; Khalid - Ocean.mp3,,140,4.2920671,,,,,,,,,,,,,,,,,,,,,,,,,,,,,,,,,,,,,,,,,,,,,,,,,,,,,,,,,,,,,,,,,,,,,,,,,,,,,,,,,,,,,,,,,,,,,,,,,,,,,,,,,,,,,,,,,,,,,,,,,,,,,,,,,,,,,,,,,,,,,,,,,,,,,,,,,,,,,,,,,,,,,,,,,,,,,,,,,,,,,,,,,,,,,,,,,,,,,,,,,,,,,,,,,,,,,,,,,,,,,,,,,,,,,,,,,,,,,,,,,,,,,,,,,,,,,,,,,,,,,,,,,,,,,,,,,,,,,,,,,,,,,,,,,,,,,,,,,,,,,,,,,,,,,,,,,,,,,,,,,,,,,,,,,,,,,,,,,,,,,,,,,,,,,,,,,,,,,,,,,,,,,,,,,,,,,,,,,,,,,,,,,,,,,,,,,,,,,,,,,,,,,,,,,,,,,,,,,,,,,,,,,,,,,,,,,,,,,,,,,,,,,,,,,,,,,,,,,,,,,,,,,,,,,,,,,,,,,,,,,,,,,,,,,,,,,,,,,,,,,,,,,,,,,,,,,,,,,,,,,,,,,,,,,,,,,,,,,,,,,,,,,,,,,,,,,,,,,,,,,,,,,,,,,,,,,,,,,,,,,,,,,,,,,,,,,,,,,,,,,,,,,,,,,,,,,,,,,,,,,,,,,,,,,,,,,,,,,,,,,,,,,,,,,,,,,,,,,,,,,,,,,,,,,,,,,,,,,,,,,,,,,,,,,,,,,,,,,,,,,,,,,,,,,,,,,,,,,,,,,,,,,,,,,,,,,,,,,,,,,,,,,,,,,,,,,,,,,,,,,,,,,,,,,,,,,,,,,,,,,,,,,,,,,,,,,,,,,,,,,,,,,,,,,,,,,,,,,,,,,,,,,,,,,,,,,,,,,,,,,,,,,,,,,,,,,,,,,,,,,,,,,,,,,,,,,,,,,,,,,,,,,,,,,,,,,,,,,,,,,,,,,,,,,,,,,,,,,,,,,,,,,,,,,,,,,,,,,,,,,,,,,,,,,,,,,,,,,,,,,,,,,,,,,,,,,,,,,,,,,,,,,,,,,,,,,,,,,,,,,,,,,,,,,,,,,,,,,,,,,,,,,,,,,,,,,,,,,,,,,,,,,,,,,,,,,,,,,,,,,,,,,,,,,,,,,,,,,,,,,,,,,,,,,,,,,,,,,,,,,,,,,,,,,,,,,,,,,,,,,,,,,,,,,,,,,,,,,,,,,,,,,,,,,,,,,,,,,,,,,,,,,,,,,,,,,,,,,,,,,,,,,,,,,,,,,,,,,,,,,,,,,,,,,,,,,,,,,,,,,,,,,,,,,,,,,,,,,,,,,,,,,,,,,,,,,,,,,,,,,,,,,,,,,,,,,,,,,,,,,,,,,,,,,,,,,,,,,,,,,,,,,,,,,,,,,,,,,,,,,,,,,,,,,,,,,,,,,,,,,,,,,,,,,,,,,,,,,,,,,,,,,,,,,,,,,,,,,,,,,,,,,,,,,,,,,,,,,,,,,,,,,,,,,,,,,,,,,,,,,,,,,,,,,,,,,,,,,,,,,,,,,,,,,,,,,,,,,,,,,,,,,,,,,,,,,,,,,,,,,,,,,,,,,,,,,,,,,,,,,,,,,,,,,,,,,,,,,,,,,,,,,,,,,,,,,,,,,,,
warren,13,Game Over,Martin Garrix/LOOPERS,,Martin Garrix; LOOPERS - Game Over.mp3,,128,7.194376,,,,,,,,,,,,,,,,,,,,,,,,,,,,,,,,,,,,,,,,,,,,,,,,,,,,,,,,,,,,,,,,,,,,,,,,,,,,,,,,,,,,,,,,,,,,,,,,,,,,,,,,,,,,,,,,,,,,,,,,,,,,,,,,,,,,,,,,,,,,,,,,,,,,,,,,,,,,,,,,,,,,,,,,,,,,,,,,,,,,,,,,,,,,,,,,,,,,,,,,,,,,,,,,,,,,,,,,,,,,,,,,,,,,,,,,,,,,,,,,,,,,,,,,,,,,,,,,,,,,,,,,,,,,,,,,,,,,,,,,,,,,,,,,,,,,,,,,,,,,,,,,,,,,,,,,,,,,,,,,,,,,,,,,,,,,,,,,,,,,,,,,,,,,,,,,,,,,,,,,,,,,,,,,,,,,,,,,,,,,,,,,,,,,,,,,,,,,,,,,,,,,,,,,,,,,,,,,,,,,,,,,,,,,,,,,,,,,,,,,,,,,,,,,,,,,,,,,,,,,,,,,,,,,,,,,,,,,,,,,,,,,,,,,,,,,,,,,,,,,,,,,,,,,,,,,,,,,,,,,,,,,,,,,,,,,,,,,,,,,,,,,,,,,,,,,,,,,,,,,,,,,,,,,,,,,,,,,,,,,,,,,,,,,,,,,,,,,,,,,,,,,,,,,,,,,,,,,,,,,,,,,,,,,,,,,,,,,,,,,,,,,,,,,,,,,,,,,,,,,,,,,,,,,,,,,,,,,,,,,,,,,,,,,,,,,,,,,,,,,,,,,,,,,,,,,,,,,,,,,,,,,,,,,,,,,,,,,,,,,,,,,,,,,,,,,,,,,,,,,,,,,,,,,,,,,,,,,,,,,,,,,,,,,,,,,,,,,,,,,,,,,,,,,,,,,,,,,,,,,,,,,,,,,,,,,,,,,,,,,,,,,,,,,,,,,,,,,,,,,,,,,,,,,,,,,,,,,,,,,,,,,,,,,,,,,,,,,,,,,,,,,,,,,,,,,,,,,,,,,,,,,,,,,,,,,,,,,,,,,,,,,,,,,,,,,,,,,,,,,,,,,,,,,,,,,,,,,,,,,,,,,,,,,,,,,,,,,,,,,,,,,,,,,,,,,,,,,,,,,,,,,,,,,,,,,,,,,,,,,,,,,,,,,,,,,,,,,,,,,,,,,,,,,,,,,,,,,,,,,,,,,,,,,,,,,,,,,,,,,,,,,,,,,,,,,,,,,,,,,,,,,,,,,,,,,,,,,,,,,,,,,,,,,,,,,,,,,,,,,,,,,,,,,,,,,,,,,,,,,,,,,,,,,,,,,,,,,,,,,,,,,,,,,,,,,,,,,,,,,,,,,,,,,,,,,,,,,,,,,,,,,,,,,,,,,,,,,,,,,,,,,,,,,,,,,,,,,,,,,,,,,,,,,,,,,,,,,,,,,,,,,,,,,,,,,,,,,,,,,,,,,,,,,,,,,,,,,,,,,,,,,,,,,,,,,,,,,,,,,,,,,,,,,,,,,,,,,,,,,,,,,,,,,,,,,,,,,,,,,,,,,,,,,,,,,,,,,,,,,,,,,,,,,,,,,,,,,,,,,,,,,,,,,,,,,,,,,,,,,,,,,,,,,,,,,,,,,,,,,,,,,,,,,,,,,,,,,,,,,,,,,,,,,,,,,,,,,,,,,,,,,,,,,,,,,,,,,,,,
warren,14,Summer Days,Martin Garrix/Macklemore/Patrick Stump,,Martin Garrix; Macklemore; Patrick Stump - Summer Days.mp3,,114,4.963922,,,,,,,,,,,,,,,,,,,,,,,,,,,,,,,,,,,,,,,,,,,,,,,,,,,,,,,,,,,,,,,,,,,,,,,,,,,,,,,,,,,,,,,,,,,,,,,,,,,,,,,,,,,,,,,,,,,,,,,,,,,,,,,,,,,,,,,,,,,,,,,,,,,,,,,,,,,,,,,,,,,,,,,,,,,,,,,,,,,,,,,,,,,,,,,,,,,,,,,,,,,,,,,,,,,,,,,,,,,,,,,,,,,,,,,,,,,,,,,,,,,,,,,,,,,,,,,,,,,,,,,,,,,,,,,,,,,,,,,,,,,,,,,,,,,,,,,,,,,,,,,,,,,,,,,,,,,,,,,,,,,,,,,,,,,,,,,,,,,,,,,,,,,,,,,,,,,,,,,,,,,,,,,,,,,,,,,,,,,,,,,,,,,,,,,,,,,,,,,,,,,,,,,,,,,,,,,,,,,,,,,,,,,,,,,,,,,,,,,,,,,,,,,,,,,,,,,,,,,,,,,,,,,,,,,,,,,,,,,,,,,,,,,,,,,,,,,,,,,,,,,,,,,,,,,,,,,,,,,,,,,,,,,,,,,,,,,,,,,,,,,,,,,,,,,,,,,,,,,,,,,,,,,,,,,,,,,,,,,,,,,,,,,,,,,,,,,,,,,,,,,,,,,,,,,,,,,,,,,,,,,,,,,,,,,,,,,,,,,,,,,,,,,,,,,,,,,,,,,,,,,,,,,,,,,,,,,,,,,,,,,,,,,,,,,,,,,,,,,,,,,,,,,,,,,,,,,,,,,,,,,,,,,,,,,,,,,,,,,,,,,,,,,,,,,,,,,,,,,,,,,,,,,,,,,,,,,,,,,,,,,,,,,,,,,,,,,,,,,,,,,,,,,,,,,,,,,,,,,,,,,,,,,,,,,,,,,,,,,,,,,,,,,,,,,,,,,,,,,,,,,,,,,,,,,,,,,,,,,,,,,,,,,,,,,,,,,,,,,,,,,,,,,,,,,,,,,,,,,,,,,,,,,,,,,,,,,,,,,,,,,,,,,,,,,,,,,,,,,,,,,,,,,,,,,,,,,,,,,,,,,,,,,,,,,,,,,,,,,,,,,,,,,,,,,,,,,,,,,,,,,,,,,,,,,,,,,,,,,,,,,,,,,,,,,,,,,,,,,,,,,,,,,,,,,,,,,,,,,,,,,,,,,,,,,,,,,,,,,,,,,,,,,,,,,,,,,,,,,,,,,,,,,,,,,,,,,,,,,,,,,,,,,,,,,,,,,,,,,,,,,,,,,,,,,,,,,,,,,,,,,,,,,,,,,,,,,,,,,,,,,,,,,,,,,,,,,,,,,,,,,,,,,,,,,,,,,,,,,,,,,,,,,,,,,,,,,,,,,,,,,,,,,,,,,,,,,,,,,,,,,,,,,,,,,,,,,,,,,,,,,,,,,,,,,,,,,,,,,,,,,,,,,,,,,,,,,,,,,,,,,,,,,,,,,,,,,,,,,,,,,,,,,,,,,,,,,,,,,,,,,,,,,,,,,,,,,,,,,,,,,,,,,,,,,,,,,,,,,,,,,,,,,,,,,,,,,,,,,,,,,,,,,,,,,,,,,,,,,,,,,,,,,,,,,,,,,,,,,,,,,,,,,,,,,,,,,,,,,,,,,,,,,,,,,,,,,,,,,,,,,,,,,,,,,,,,,,,,,
warren,15,Summer Days (Vintage Culture & Bruno Be Remix),Martin Garrix/Macklemore/Patrick Stump/Vintage Culture/Bruno Be,,Martin Garrix; Macklemore; Patrick Stump; Vintage Culture; Bruno Be - Summer Days (Vintage Culture & Bruno Be Remix).mp3,,122,5.90133,,,,,,,,,,,,,,,,,,,,,,,,,,,,,,,,,,,,,,,,,,,,,,,,,,,,,,,,,,,,,,,,,,,,,,,,,,,,,,,,,,,,,,,,,,,,,,,,,,,,,,,,,,,,,,,,,,,,,,,,,,,,,,,,,,,,,,,,,,,,,,,,,,,,,,,,,,,,,,,,,,,,,,,,,,,,,,,,,,,,,,,,,,,,,,,,,,,,,,,,,,,,,,,,,,,,,,,,,,,,,,,,,,,,,,,,,,,,,,,,,,,,,,,,,,,,,,,,,,,,,,,,,,,,,,,,,,,,,,,,,,,,,,,,,,,,,,,,,,,,,,,,,,,,,,,,,,,,,,,,,,,,,,,,,,,,,,,,,,,,,,,,,,,,,,,,,,,,,,,,,,,,,,,,,,,,,,,,,,,,,,,,,,,,,,,,,,,,,,,,,,,,,,,,,,,,,,,,,,,,,,,,,,,,,,,,,,,,,,,,,,,,,,,,,,,,,,,,,,,,,,,,,,,,,,,,,,,,,,,,,,,,,,,,,,,,,,,,,,,,,,,,,,,,,,,,,,,,,,,,,,,,,,,,,,,,,,,,,,,,,,,,,,,,,,,,,,,,,,,,,,,,,,,,,,,,,,,,,,,,,,,,,,,,,,,,,,,,,,,,,,,,,,,,,,,,,,,,,,,,,,,,,,,,,,,,,,,,,,,,,,,,,,,,,,,,,,,,,,,,,,,,,,,,,,,,,,,,,,,,,,,,,,,,,,,,,,,,,,,,,,,,,,,,,,,,,,,,,,,,,,,,,,,,,,,,,,,,,,,,,,,,,,,,,,,,,,,,,,,,,,,,,,,,,,,,,,,,,,,,,,,,,,,,,,,,,,,,,,,,,,,,,,,,,,,,,,,,,,,,,,,,,,,,,,,,,,,,,,,,,,,,,,,,,,,,,,,,,,,,,,,,,,,,,,,,,,,,,,,,,,,,,,,,,,,,,,,,,,,,,,,,,,,,,,,,,,,,,,,,,,,,,,,,,,,,,,,,,,,,,,,,,,,,,,,,,,,,,,,,,,,,,,,,,,,,,,,,,,,,,,,,,,,,,,,,,,,,,,,,,,,,,,,,,,,,,,,,,,,,,,,,,,,,,,,,,,,,,,,,,,,,,,,,,,,,,,,,,,,,,,,,,,,,,,,,,,,,,,,,,,,,,,,,,,,,,,,,,,,,,,,,,,,,,,,,,,,,,,,,,,,,,,,,,,,,,,,,,,,,,,,,,,,,,,,,,,,,,,,,,,,,,,,,,,,,,,,,,,,,,,,,,,,,,,,,,,,,,,,,,,,,,,,,,,,,,,,,,,,,,,,,,,,,,,,,,,,,,,,,,,,,,,,,,,,,,,,,,,,,,,,,,,,,,,,,,,,,,,,,,,,,,,,,,,,,,,,,,,,,,,,,,,,,,,,,,,,,,,,,,,,,,,,,,,,,,,,,,,,,,,,,,,,,,,,,,,,,,,,,,,,,,,,,,,,,,,,,,,,,,,,,,,,,,,,,,,,,,,,,,,,,,,,,,,,,,,,,,,,,,,,,,,,,,,,,,,,,,,,,,,,,,,,,,,,,,,,,,,,,,,,,,,,,,,,,,,,,,,,,,,,,,,,,,,,,,,,,,,,,,,,,,,,,,,,,,,,,,,,,,,,,,,,,,,,,,,,,,,,
warren,16,Forever,Martin Garrix/Matisse & Sadko,,Martin Garrix; Matisse & Sadko - Forever.mp3,,128,6.1947794,,,,,,,,,,,,,,,,,,,,,,,,,,,,,,,,,,,,,,,,,,,,,,,,,,,,,,,,,,,,,,,,,,,,,,,,,,,,,,,,,,,,,,,,,,,,,,,,,,,,,,,,,,,,,,,,,,,,,,,,,,,,,,,,,,,,,,,,,,,,,,,,,,,,,,,,,,,,,,,,,,,,,,,,,,,,,,,,,,,,,,,,,,,,,,,,,,,,,,,,,,,,,,,,,,,,,,,,,,,,,,,,,,,,,,,,,,,,,,,,,,,,,,,,,,,,,,,,,,,,,,,,,,,,,,,,,,,,,,,,,,,,,,,,,,,,,,,,,,,,,,,,,,,,,,,,,,,,,,,,,,,,,,,,,,,,,,,,,,,,,,,,,,,,,,,,,,,,,,,,,,,,,,,,,,,,,,,,,,,,,,,,,,,,,,,,,,,,,,,,,,,,,,,,,,,,,,,,,,,,,,,,,,,,,,,,,,,,,,,,,,,,,,,,,,,,,,,,,,,,,,,,,,,,,,,,,,,,,,,,,,,,,,,,,,,,,,,,,,,,,,,,,,,,,,,,,,,,,,,,,,,,,,,,,,,,,,,,,,,,,,,,,,,,,,,,,,,,,,,,,,,,,,,,,,,,,,,,,,,,,,,,,,,,,,,,,,,,,,,,,,,,,,,,,,,,,,,,,,,,,,,,,,,,,,,,,,,,,,,,,,,,,,,,,,,,,,,,,,,,,,,,,,,,,,,,,,,,,,,,,,,,,,,,,,,,,,,,,,,,,,,,,,,,,,,,,,,,,,,,,,,,,,,,,,,,,,,,,,,,,,,,,,,,,,,,,,,,,,,,,,,,,,,,,,,,,,,,,,,,,,,,,,,,,,,,,,,,,,,,,,,,,,,,,,,,,,,,,,,,,,,,,,,,,,,,,,,,,,,,,,,,,,,,,,,,,,,,,,,,,,,,,,,,,,,,,,,,,,,,,,,,,,,,,,,,,,,,,,,,,,,,,,,,,,,,,,,,,,,,,,,,,,,,,,,,,,,,,,,,,,,,,,,,,,,,,,,,,,,,,,,,,,,,,,,,,,,,,,,,,,,,,,,,,,,,,,,,,,,,,,,,,,,,,,,,,,,,,,,,,,,,,,,,,,,,,,,,,,,,,,,,,,,,,,,,,,,,,,,,,,,,,,,,,,,,,,,,,,,,,,,,,,,,,,,,,,,,,,,,,,,,,,,,,,,,,,,,,,,,,,,,,,,,,,,,,,,,,,,,,,,,,,,,,,,,,,,,,,,,,,,,,,,,,,,,,,,,,,,,,,,,,,,,,,,,,,,,,,,,,,,,,,,,,,,,,,,,,,,,,,,,,,,,,,,,,,,,,,,,,,,,,,,,,,,,,,,,,,,,,,,,,,,,,,,,,,,,,,,,,,,,,,,,,,,,,,,,,,,,,,,,,,,,,,,,,,,,,,,,,,,,,,,,,,,,,,,,,,,,,,,,,,,,,,,,,,,,,,,,,,,,,,,,,,,,,,,,,,,,,,,,,,,,,,,,,,,,,,,,,,,,,,,,,,,,,,,,,,,,,,,,,,,,,,,,,,,,,,,,,,,,,,,,,,,,,,,,,,,,,,,,,,,,,,,,,,,,,,,,,,,,,,,,,,,,,,,,,,,,,,,,,,,,,,,,,,,,,,,,,,,,,,,,,,,,,,,,,,,
warren,17,Mistaken,Martin Garrix/Matisse & Sadko/Alex Aris,,Martin Garrix; Matisse & Sadko; Alex Aris - Mistaken.mp3,,128,5.5577703,,,,,,,,,,,,,,,,,,,,,,,,,,,,,,,,,,,,,,,,,,,,,,,,,,,,,,,,,,,,,,,,,,,,,,,,,,,,,,,,,,,,,,,,,,,,,,,,,,,,,,,,,,,,,,,,,,,,,,,,,,,,,,,,,,,,,,,,,,,,,,,,,,,,,,,,,,,,,,,,,,,,,,,,,,,,,,,,,,,,,,,,,,,,,,,,,,,,,,,,,,,,,,,,,,,,,,,,,,,,,,,,,,,,,,,,,,,,,,,,,,,,,,,,,,,,,,,,,,,,,,,,,,,,,,,,,,,,,,,,,,,,,,,,,,,,,,,,,,,,,,,,,,,,,,,,,,,,,,,,,,,,,,,,,,,,,,,,,,,,,,,,,,,,,,,,,,,,,,,,,,,,,,,,,,,,,,,,,,,,,,,,,,,,,,,,,,,,,,,,,,,,,,,,,,,,,,,,,,,,,,,,,,,,,,,,,,,,,,,,,,,,,,,,,,,,,,,,,,,,,,,,,,,,,,,,,,,,,,,,,,,,,,,,,,,,,,,,,,,,,,,,,,,,,,,,,,,,,,,,,,,,,,,,,,,,,,,,,,,,,,,,,,,,,,,,,,,,,,,,,,,,,,,,,,,,,,,,,,,,,,,,,,,,,,,,,,,,,,,,,,,,,,,,,,,,,,,,,,,,,,,,,,,,,,,,,,,,,,,,,,,,,,,,,,,,,,,,,,,,,,,,,,,,,,,,,,,,,,,,,,,,,,,,,,,,,,,,,,,,,,,,,,,,,,,,,,,,,,,,,,,,,,,,,,,,,,,,,,,,,,,,,,,,,,,,,,,,,,,,,,,,,,,,,,,,,,,,,,,,,,,,,,,,,,,,,,,,,,,,,,,,,,,,,,,,,,,,,,,,,,,,,,,,,,,,,,,,,,,,,,,,,,,,,,,,,,,,,,,,,,,,,,,,,,,,,,,,,,,,,,,,,,,,,,,,,,,,,,,,,,,,,,,,,,,,,,,,,,,,,,,,,,,,,,,,,,,,,,,,,,,,,,,,,,,,,,,,,,,,,,,,,,,,,,,,,,,,,,,,,,,,,,,,,,,,,,,,,,,,,,,,,,,,,,,,,,,,,,,,,,,,,,,,,,,,,,,,,,,,,,,,,,,,,,,,,,,,,,,,,,,,,,,,,,,,,,,,,,,,,,,,,,,,,,,,,,,,,,,,,,,,,,,,,,,,,,,,,,,,,,,,,,,,,,,,,,,,,,,,,,,,,,,,,,,,,,,,,,,,,,,,,,,,,,,,,,,,,,,,,,,,,,,,,,,,,,,,,,,,,,,,,,,,,,,,,,,,,,,,,,,,,,,,,,,,,,,,,,,,,,,,,,,,,,,,,,,,,,,,,,,,,,,,,,,,,,,,,,,,,,,,,,,,,,,,,,,,,,,,,,,,,,,,,,,,,,,,,,,,,,,,,,,,,,,,,,,,,,,,,,,,,,,,,,,,,,,,,,,,,,,,,,,,,,,,,,,,,,,,,,,,,,,,,,,,,,,,,,,,,,,,,,,,,,,,,,,,,,,,,,,,,,,,,,,,,,,,,,,,,,,,,,,,,,,,,,,,,,,,,,,,,,,,,,,,,,,,,,,,,,,,,,,,,,,,,,,,,,,,,,,,,,,,,,,,,,,,,,,,,,,,,,,,,,,,,,,,,,,
warren,18,Together,Martin Garrix/Matisse & Sadko/Max McElligott,,Martin Garrix; Matisse & Sadko; Max McElligott - Together.mp3,,128,6.2392802,,,,,,,,,,,,,,,,,,,,,,,,,,,,,,,,,,,,,,,,,,,,,,,,,,,,,,,,,,,,,,,,,,,,,,,,,,,,,,,,,,,,,,,,,,,,,,,,,,,,,,,,,,,,,,,,,,,,,,,,,,,,,,,,,,,,,,,,,,,,,,,,,,,,,,,,,,,,,,,,,,,,,,,,,,,,,,,,,,,,,,,,,,,,,,,,,,,,,,,,,,,,,,,,,,,,,,,,,,,,,,,,,,,,,,,,,,,,,,,,,,,,,,,,,,,,,,,,,,,,,,,,,,,,,,,,,,,,,,,,,,,,,,,,,,,,,,,,,,,,,,,,,,,,,,,,,,,,,,,,,,,,,,,,,,,,,,,,,,,,,,,,,,,,,,,,,,,,,,,,,,,,,,,,,,,,,,,,,,,,,,,,,,,,,,,,,,,,,,,,,,,,,,,,,,,,,,,,,,,,,,,,,,,,,,,,,,,,,,,,,,,,,,,,,,,,,,,,,,,,,,,,,,,,,,,,,,,,,,,,,,,,,,,,,,,,,,,,,,,,,,,,,,,,,,,,,,,,,,,,,,,,,,,,,,,,,,,,,,,,,,,,,,,,,,,,,,,,,,,,,,,,,,,,,,,,,,,,,,,,,,,,,,,,,,,,,,,,,,,,,,,,,,,,,,,,,,,,,,,,,,,,,,,,,,,,,,,,,,,,,,,,,,,,,,,,,,,,,,,,,,,,,,,,,,,,,,,,,,,,,,,,,,,,,,,,,,,,,,,,,,,,,,,,,,,,,,,,,,,,,,,,,,,,,,,,,,,,,,,,,,,,,,,,,,,,,,,,,,,,,,,,,,,,,,,,,,,,,,,,,,,,,,,,,,,,,,,,,,,,,,,,,,,,,,,,,,,,,,,,,,,,,,,,,,,,,,,,,,,,,,,,,,,,,,,,,,,,,,,,,,,,,,,,,,,,,,,,,,,,,,,,,,,,,,,,,,,,,,,,,,,,,,,,,,,,,,,,,,,,,,,,,,,,,,,,,,,,,,,,,,,,,,,,,,,,,,,,,,,,,,,,,,,,,,,,,,,,,,,,,,,,,,,,,,,,,,,,,,,,,,,,,,,,,,,,,,,,,,,,,,,,,,,,,,,,,,,,,,,,,,,,,,,,,,,,,,,,,,,,,,,,,,,,,,,,,,,,,,,,,,,,,,,,,,,,,,,,,,,,,,,,,,,,,,,,,,,,,,,,,,,,,,,,,,,,,,,,,,,,,,,,,,,,,,,,,,,,,,,,,,,,,,,,,,,,,,,,,,,,,,,,,,,,,,,,,,,,,,,,,,,,,,,,,,,,,,,,,,,,,,,,,,,,,,,,,,,,,,,,,,,,,,,,,,,,,,,,,,,,,,,,,,,,,,,,,,,,,,,,,,,,,,,,,,,,,,,,,,,,,,,,,,,,,,,,,,,,,,,,,,,,,,,,,,,,,,,,,,,,,,,,,,,,,,,,,,,,,,,,,,,,,,,,,,,,,,,,,,,,,,,,,,,,,,,,,,,,,,,,,,,,,,,,,,,,,,,,,,,,,,,,,,,,,,,,,,,,,,,,,,,,,,,,,,,,,,,,,,,,,,,,,,,,,,,,,,,,,,,,,,,,,,,,,,,,,,,,,,,,,,,,,,,,,,,,,,,,,,,,,,,,,,,,,,,,,,,,,,,
warren,19,Limitless,Martin Garrix/Mesto,,Martin Garrix; Mesto - Limitless.mp3,,126,6.2494655,,,,,,,,,,,,,,,,,,,,,,,,,,,,,,,,,,,,,,,,,,,,,,,,,,,,,,,,,,,,,,,,,,,,,,,,,,,,,,,,,,,,,,,,,,,,,,,,,,,,,,,,,,,,,,,,,,,,,,,,,,,,,,,,,,,,,,,,,,,,,,,,,,,,,,,,,,,,,,,,,,,,,,,,,,,,,,,,,,,,,,,,,,,,,,,,,,,,,,,,,,,,,,,,,,,,,,,,,,,,,,,,,,,,,,,,,,,,,,,,,,,,,,,,,,,,,,,,,,,,,,,,,,,,,,,,,,,,,,,,,,,,,,,,,,,,,,,,,,,,,,,,,,,,,,,,,,,,,,,,,,,,,,,,,,,,,,,,,,,,,,,,,,,,,,,,,,,,,,,,,,,,,,,,,,,,,,,,,,,,,,,,,,,,,,,,,,,,,,,,,,,,,,,,,,,,,,,,,,,,,,,,,,,,,,,,,,,,,,,,,,,,,,,,,,,,,,,,,,,,,,,,,,,,,,,,,,,,,,,,,,,,,,,,,,,,,,,,,,,,,,,,,,,,,,,,,,,,,,,,,,,,,,,,,,,,,,,,,,,,,,,,,,,,,,,,,,,,,,,,,,,,,,,,,,,,,,,,,,,,,,,,,,,,,,,,,,,,,,,,,,,,,,,,,,,,,,,,,,,,,,,,,,,,,,,,,,,,,,,,,,,,,,,,,,,,,,,,,,,,,,,,,,,,,,,,,,,,,,,,,,,,,,,,,,,,,,,,,,,,,,,,,,,,,,,,,,,,,,,,,,,,,,,,,,,,,,,,,,,,,,,,,,,,,,,,,,,,,,,,,,,,,,,,,,,,,,,,,,,,,,,,,,,,,,,,,,,,,,,,,,,,,,,,,,,,,,,,,,,,,,,,,,,,,,,,,,,,,,,,,,,,,,,,,,,,,,,,,,,,,,,,,,,,,,,,,,,,,,,,,,,,,,,,,,,,,,,,,,,,,,,,,,,,,,,,,,,,,,,,,,,,,,,,,,,,,,,,,,,,,,,,,,,,,,,,,,,,,,,,,,,,,,,,,,,,,,,,,,,,,,,,,,,,,,,,,,,,,,,,,,,,,,,,,,,,,,,,,,,,,,,,,,,,,,,,,,,,,,,,,,,,,,,,,,,,,,,,,,,,,,,,,,,,,,,,,,,,,,,,,,,,,,,,,,,,,,,,,,,,,,,,,,,,,,,,,,,,,,,,,,,,,,,,,,,,,,,,,,,,,,,,,,,,,,,,,,,,,,,,,,,,,,,,,,,,,,,,,,,,,,,,,,,,,,,,,,,,,,,,,,,,,,,,,,,,,,,,,,,,,,,,,,,,,,,,,,,,,,,,,,,,,,,,,,,,,,,,,,,,,,,,,,,,,,,,,,,,,,,,,,,,,,,,,,,,,,,,,,,,,,,,,,,,,,,,,,,,,,,,,,,,,,,,,,,,,,,,,,,,,,,,,,,,,,,,,,,,,,,,,,,,,,,,,,,,,,,,,,,,,,,,,,,,,,,,,,,,,,,,,,,,,,,,,,,,,,,,,,,,,,,,,,,,,,,,,,,,,,,,,,,,,,,,,,,,,,,,,,,,,,,,,,,,,,,,,,,,,,,,,,,,,,,,,,,,,,,,,,,,,,,,,,,,,,,,,,,,,,,,,,,,,,,,,,,,,,,,,,,
warren,20,WIEE,Martin Garrix/Mesto,,Martin Garrix; Mesto - WIEE.mp3,,128,5.8446608,,,,,,,,,,,,,,,,,,,,,,,,,,,,,,,,,,,,,,,,,,,,,,,,,,,,,,,,,,,,,,,,,,,,,,,,,,,,,,,,,,,,,,,,,,,,,,,,,,,,,,,,,,,,,,,,,,,,,,,,,,,,,,,,,,,,,,,,,,,,,,,,,,,,,,,,,,,,,,,,,,,,,,,,,,,,,,,,,,,,,,,,,,,,,,,,,,,,,,,,,,,,,,,,,,,,,,,,,,,,,,,,,,,,,,,,,,,,,,,,,,,,,,,,,,,,,,,,,,,,,,,,,,,,,,,,,,,,,,,,,,,,,,,,,,,,,,,,,,,,,,,,,,,,,,,,,,,,,,,,,,,,,,,,,,,,,,,,,,,,,,,,,,,,,,,,,,,,,,,,,,,,,,,,,,,,,,,,,,,,,,,,,,,,,,,,,,,,,,,,,,,,,,,,,,,,,,,,,,,,,,,,,,,,,,,,,,,,,,,,,,,,,,,,,,,,,,,,,,,,,,,,,,,,,,,,,,,,,,,,,,,,,,,,,,,,,,,,,,,,,,,,,,,,,,,,,,,,,,,,,,,,,,,,,,,,,,,,,,,,,,,,,,,,,,,,,,,,,,,,,,,,,,,,,,,,,,,,,,,,,,,,,,,,,,,,,,,,,,,,,,,,,,,,,,,,,,,,,,,,,,,,,,,,,,,,,,,,,,,,,,,,,,,,,,,,,,,,,,,,,,,,,,,,,,,,,,,,,,,,,,,,,,,,,,,,,,,,,,,,,,,,,,,,,,,,,,,,,,,,,,,,,,,,,,,,,,,,,,,,,,,,,,,,,,,,,,,,,,,,,,,,,,,,,,,,,,,,,,,,,,,,,,,,,,,,,,,,,,,,,,,,,,,,,,,,,,,,,,,,,,,,,,,,,,,,,,,,,,,,,,,,,,,,,,,,,,,,,,,,,,,,,,,,,,,,,,,,,,,,,,,,,,,,,,,,,,,,,,,,,,,,,,,,,,,,,,,,,,,,,,,,,,,,,,,,,,,,,,,,,,,,,,,,,,,,,,,,,,,,,,,,,,,,,,,,,,,,,,,,,,,,,,,,,,,,,,,,,,,,,,,,,,,,,,,,,,,,,,,,,,,,,,,,,,,,,,,,,,,,,,,,,,,,,,,,,,,,,,,,,,,,,,,,,,,,,,,,,,,,,,,,,,,,,,,,,,,,,,,,,,,,,,,,,,,,,,,,,,,,,,,,,,,,,,,,,,,,,,,,,,,,,,,,,,,,,,,,,,,,,,,,,,,,,,,,,,,,,,,,,,,,,,,,,,,,,,,,,,,,,,,,,,,,,,,,,,,,,,,,,,,,,,,,,,,,,,,,,,,,,,,,,,,,,,,,,,,,,,,,,,,,,,,,,,,,,,,,,,,,,,,,,,,,,,,,,,,,,,,,,,,,,,,,,,,,,,,,,,,,,,,,,,,,,,,,,,,,,,,,,,,,,,,,,,,,,,,,,,,,,,,,,,,,,,,,,,,,,,,,,,,,,,,,,,,,,,,,,,,,,,,,,,,,,,,,,,,,,,,,,,,,,,,,,,,,,,,,,,,,,,,,,,,,,,,,,,,,,,,,,,,,,,,,,,,,,,,,,,,,,,,,,,,,,,,,,,,,,,,,,,,,,,,,,,,,,,,,,,,,,,,,,,,,,,,,,,,,,,,
